,request_datetime,date_meteo,latitude,longitude,humidity,precip,windgust,windspeed,winddir,cloudcover,visibility
0,1679246582,2023-03-19T12:00:00,22.9044,-72.7731,68.58,0,24.5,23,140,57,16.3
1,1679246576,2023-03-20T03:00:00,-1.5894,156.4605,63.07,0,11.2,11.2,40.3,100,24.1
2,1679246580,2023-03-20T06:00:00,-13.6802,-172.344,94.1,0.8,,5.4,60,100,10
3,1679246580,2023-03-20T04:00:00,3.2201,158.9072,72.97,0,16.9,16.6,95.6,26.7,24.1
4,1679246580,2023-03-20T02:00:00,38.9005,142.0362,73.53,0,41.4,33.1,240.8,4.8,24.1
5,1679246583,2023-03-19T11:00:00,67.3778,-133.4101,71.1,0,,9.4,140,100,56
6,1679246583,2023-03-19T10:00:00,52.881,-132.1131,92.7,0,,22.7,153,100,10
7,1679246580,2023-03-19T10:00:00,50.672,-125.8876,70.19,0,17.3,15.8,80,87,16.3
8,1679246584,2023-03-20T03:00:00,44.2057,149.9333,80.01,0,61.9,43.2,219,5,24.1
9,1679246581,2023-03-19T13:00:00,47.9859,-75.0116,61.5,0,,16.6,270,70,
10,1679246568,2023-03-19T11:00:00,65.0934,-118.0262,77.13,0,40.3,18.7,145.3,100,24.1
11,1679246582,2023-03-19T15:00:00,62.0506,-31.6748,63.23,0,47.2,46.4,65.6,100,24.1
12,1679246583,2023-03-19T14:00:00,53.3256,-56.1872,92.7,0.3,27.7,16.6,60,100,14
13,1679246580,2023-03-19T09:00:00,63.0062,-163.776,87.35,0.1,6.1,6.1,163,100,0.2
14,1679246582,2023-03-19T13:00:00,49.4882,-69.3258,67.98,0.3,41.8,27.4,290,57,16.3
15,1679246581,2023-03-19T21:00:00,25.477,55.1738,56.6,0,,6,108,0.3,10
16,1679246584,2023-03-19T13:00:00,51.9162,-71.1062,74.17,0.3,36,24.5,310,78,1.8
17,1679246583,2023-03-19T14:00:00,53.0479,-57.3116,92.7,0.6,27.7,16.6,60,100,14
18,1679246583,2023-03-19T13:00:00,54.9476,-55.8255,90.69,0,9.4,7.9,124.7,89,24.1
19,1679246584,2023-03-19T14:00:00,53.3478,-64.8273,85.4,1.3,37.1,25.9,60,100,1
20,1679246582,2023-03-19T11:00:00,20.7174,-105.2115,28.74,0,8.6,10.8,259.7,0,24.1
21,1679246582,2023-03-19T10:00:00,45.5795,-118.8103,36,0,,6.3,84,0,16
22,1679246582,2023-03-19T14:00:00,57.6281,-44.8963,87.88,0,62.3,53.6,53.4,100,13.3
23,1679246580,2023-03-19T14:00:00,74.6217,-54.2437,77.5,0,22.3,16.2,136.9,93.1,7.1
24,1679246582,2023-03-19T14:00:00,62.8005,-42.7738,62.31,0,8.6,7.9,341.1,99.7,24.1
25,1679246584,2023-03-19T13:00:00,59.7919,-53.2681,99.29,0.6,36,25.6,143.8,100,0
26,1679246583,2023-03-19T12:00:00,34.9617,-95.6483,35.2,0,,0.7,358,23.6,16
27,1679246583,2023-03-19T13:00:00,14.5596,-61.2354,55.3,0,,31.7,126,82.9,10
28,1679246583,2023-03-19T10:00:00,35.2848,-113.0643,48.4,0,,18.4,140,0,16
29,1679246582,2023-03-19T12:00:00,45.712,-95.1127,59.4,0,,18.1,193,0,16
30,1679246581,2023-03-19T10:00:00,38.4735,-116.0065,36.04,0,40.7,27.7,180,73,16.3
31,1679246580,2023-03-19T16:00:00,57.2763,-21.8751,91.62,0.1,41,24.8,100.3,100,
32,1679246583,2023-03-19T11:00:00,39.8384,-107.8241,43,0,,2.7,17,0,16
33,1679246580,2023-03-19T11:00:00,28.85,-83.136,37.7,0,33.5,9.4,50,0,16
34,1679246580,2023-03-19T10:00:00,50.3269,-118.7698,68.9,0,,4.3,48,0,14
35,1679246583,2023-03-19T17:00:00,51.3544,-5.9901,78.19,0.1,35.3,27,198.3,100,
36,1679246582,2023-03-19T12:00:00,28.8096,-100.4007,81,0,,18.2,181,99.7,16
37,1679246583,2023-03-19T11:00:00,21.8405,-87.6551,80.9,0.8,23,19.8,1.4,5,20.7
38,1679246582,2023-03-19T13:00:00,43.6727,-79.6126,54.5,0,53.6,44.5,260,88,24
39,1679246582,2023-03-19T13:00:00,18.3861,-66.2652,62.4,0,39.4,30.1,73,50,16
40,1679246582,2023-03-19T13:00:00,17.345,-61.8421,62.7,0,,25.6,80,54.2,10
41,1679246582,2023-03-19T10:00:00,49.5302,-121.7561,56.1,0,27.7,12.7,49,12.8,18.4
42,1679246581,2023-03-19T13:00:00,34.657,-76.5639,34.8,0,38.9,18,332,0,15.6
43,1679246582,2023-03-19T11:00:00,22.6889,-88.408,85.31,0.3,66.2,53.3,20,90,16.3
44,1679246582,2023-03-19T14:00:00,70.0155,-50.5841,74.24,0,17.3,13.3,14.5,100,24.1
45,1679246583,2023-03-19T10:00:00,36.1536,-114.1722,33.1,0,,3.2,292,0,16
46,1679246581,2023-03-19T13:00:00,44.4726,-75.6016,47.4,0,44.8,24.8,275,92.5,12.2
47,1679246583,2023-03-19T11:00:00,42.7513,-106.5778,30.4,0,,40.7,220,0,16
48,1679246582,2023-03-19T12:00:00,31.6596,-93.0834,34.9,0,27.8,21.9,350,0,16
49,1679246581,2023-03-19T13:00:00,22.4029,-67.3805,63.83,0.1,26.6,26.6,119.2,32.7,24.1
50,1679246576,2023-03-19T14:00:00,57.8825,-41.8938,96.5,0,69.8,57.6,36,100,0.2
51,1679246583,2023-03-19T10:00:00,27.5859,-110.6966,82.61,0,14.4,10.1,230,6,16.3
52,1679246582,2023-03-19T12:00:00,38.0734,-89.815,50.3,0,,10.1,326,0,16
53,1679246581,2023-03-19T13:00:00,26.2715,-78.6017,78.5,0,,20.5,10,25,10
54,1679246577,2023-03-19T11:00:00,25.0793,-85.3821,83.04,0.5,51.8,47.5,20,92,16.3
55,1679246580,2023-03-19T12:00:00,33.1996,-97.4799,30.2,0,,9.6,110,9.2,16
56,1679246581,2023-03-19T12:00:00,46.5265,-96.2415,55.5,0,,23,171,0,16
57,1679246582,2023-03-19T13:00:00,25.105,-80.929,81.3,0.471,,9.7,14,69.1,14.2
58,1679246581,2023-03-19T12:00:00,40.7469,-98.209,27.8,0,50.4,35,223,0,16
59,1679246580,2023-03-19T12:00:00,34.0284,-77.4997,29.8,0,35.3,14.3,29,0,16
60,1679246583,2023-03-19T10:00:00,49.1846,-123.0236,60.3,0,,1.1,3,86,
61,1679246580,2023-03-19T13:00:00,26.4554,-81.9993,52.1,0,42.5,22.3,10,94.9,16
62,1679246582,2023-03-19T17:00:00,65.2426,-23.6128,63.5,0,42.1,38.2,56.3,15.5,24.1
63,1679246581,2023-03-19T12:00:00,50.0158,-99.2451,67.9,0,,11.6,318,0,24
64,1679246582,2023-03-19T11:00:00,49.6971,-102.3597,82.1,0,,14.3,300,0,14
65,1679246581,2023-03-19T12:00:00,50.2809,-97.9426,63.9,0,,14,347,0,24
66,1679246580,2023-03-19T15:00:00,55.0156,-33.337,92.01,0.1,28.4,24.1,150.9,100,24.1
67,1679246583,2023-03-19T13:00:00,26.8529,-81.2863,53,0,42.5,22.1,6,93.3,16
68,1679246581,2023-03-19T12:00:00,41.5035,-99.9685,28.1,0,45.9,26.3,213,0,16
69,1679246581,2023-03-19T12:00:00,48.6569,-97.8591,63.9,0,27.7,17.7,302,0,16
70,1679246582,2023-03-19T10:00:00,48.6124,-122.4801,59,0,,12.4,15,0,15.7
71,1679246581,2023-03-19T12:00:00,50.0118,-94.4181,46.1,0,,2.1,317,25,24
72,1679246582,2023-03-19T11:00:00,41.7859,-108.857,74.7,0,,0,0,0,16
73,1679246582,2023-03-19T11:00:00,49.5966,-103.3709,85.1,0,,16.8,321,0,13
74,1679246581,2023-03-19T12:00:00,49.7536,-97.2876,62.2,0,,8.8,344,0,24
75,1679246583,2023-03-19T13:00:00,43.716,-79.5379,52.7,0,53.2,44.1,260,88,24
76,1679246583,2023-03-19T13:00:00,45.3909,-74.5835,44.5,0,41.6,25.4,271,73,
77,1679246581,2023-03-19T10:00:00,43.2951,-120.8189,72.99,0,25.9,16.6,110,98,16.3
78,1679246581,2023-03-19T11:00:00,46.75,-107.2131,63.92,0,14.8,9.4,310,68,16.3
79,1679246581,2023-03-19T10:00:00,40.8973,-120.5481,95.1,1.8,,7.6,80,100,2
80,1679246583,2023-03-19T10:00:00,49.1322,-121.6917,50.7,0,,7.1,359,0,16
81,1679246583,2023-03-19T10:00:00,51.0146,-123.0108,62.22,0,5.8,2.9,270,55,16.3
82,1679246581,2023-03-19T11:00:00,48.4421,-109.0258,87.8,0,,7.6,230,0,16
83,1679246583,2023-03-19T13:00:00,47.0392,-57.8844,100,0,64.8,40.7,270,5,
84,1679246582,2023-03-19T11:00:00,44.4914,-113.0039,41.46,0,20.5,16.6,210,42,16.3
85,1679246583,2023-03-19T13:00:00,37.1009,-80.7071,53.4,0,29.7,20.5,262,50,16
86,1679246581,2023-03-19T12:00:00,45.6072,-88.6688,29.8,0.141,44.6,23,256,0,16
87,1679246581,2023-03-19T11:00:00,49.9546,-111.4007,80.1,0,,5.8,293,46,
88,1679246580,2023-03-19T13:00:00,45.5279,-74.046,48.5,0,52.6,28.8,249,70,
89,1679246583,2023-03-19T12:00:00,33.7321,-77.2966,29.8,0,,11.2,60,0,16
90,1679246583,2023-03-19T13:00:00,40.0857,-80.6929,48.9,0,37.1,18.8,297,100,15.8
91,1679246581,2023-03-19T14:00:00,46.3552,-60.6717,56.1,0,40.1,21.9,230,25,24
92,1679246582,2023-03-19T13:00:00,48.1708,-67.8204,56.4,0,38.9,33.6,230,50,24
93,1679246508,2023-03-19T13:00:00,43.6774,-79.617,54.5,0,53.5,44.5,260,88,24
94,1679246576,2023-03-19T11:00:00,39.865,-104.6587,13.9,0,,20.5,210,88,16
95,1679246582,2023-03-19T11:00:00,49.5215,-115.1419,61,0,,3,13,7.8,44.5
96,1679246576,2023-03-19T08:00:00,47.9931,-128.9507,93.35,0.3,23,17.3,130,90,11.1
97,1679246582,2023-03-19T13:00:00,47.7961,-86.8685,60.25,0,55.4,40.7,280,54,16.3
98,1679246583,2023-03-19T10:00:00,47.521,-118.2606,50.5,0,,12.9,43,29.2,16
99,1679246578,2023-03-19T13:00:00,45.4592,-73.749,49.3,0,50.1,21.6,230,76,
100,1679246582,2023-03-19T13:00:00,42.8661,-78.6956,58.2,0,53.9,37.4,250,88.6,13.9
101,1679246582,2023-03-19T18:00:00,52.3787,4.7639,93.9,0,,11.3,290,99.7,6.8
102,1679246581,2023-03-19T11:00:00,50.3324,-101.9318,78.5,0,,9.4,300,32,
103,1679246582,2023-03-19T11:00:00,19.5427,-101.2343,20.22,0,18,13,155.5,0,24.1
104,1679246582,2023-03-19T10:00:00,49.2464,-118.4751,69.9,0,,7.7,323,88,24
105,1679246581,2023-03-19T13:00:00,42.9562,-83.8675,51.6,0,44.2,27.5,241,0.9,16
106,1679246579,2023-03-19T13:00:00,25.0382,-77.4816,78.6,0,,22.3,180,88,10
107,1679246583,2023-03-19T13:00:00,40.2141,-80.0225,50.9,0,39.3,22.1,283,100,15.2
108,1679246582,2023-03-19T13:00:00,45.6112,-68.7726,33.3,0,50,25.9,270,100,16
109,1679246581,2023-03-19T11:00:00,50.8948,-110.5208,69.2,0,,9,265,39,
110,1679246580,2023-03-19T13:00:00,45.4657,-73.7502,49.3,0,50.2,21.5,230,76,
111,1679246583,2023-03-19T13:00:00,44.956,-75.0537,46.3,0,36.1,26.9,266,88,16
112,1679246582,2023-03-19T10:00:00,47.9907,-122.603,57.1,0,,6.9,20,22.4,16
113,1679246581,2023-03-19T13:00:00,41.6274,-73.3324,34.5,0,43.7,24.7,279,53.9,16
114,1679246583,2023-03-19T12:00:00,30.5123,-95.7191,32.6,0,,10.5,360,0,16
115,1679246582,2023-03-19T11:00:00,48.9935,-112.3361,69.1,0,,13.6,330,0,16
116,1679246581,2023-03-19T10:00:00,49.1672,-122.8748,61.3,0,,1.6,360,85,
117,1679246582,2023-03-19T13:00:00,42.2095,-79.8802,54.7,0,41.5,28.4,261,98.2,15.6
118,1679246582,2023-03-19T11:00:00,50.2201,-114.8465,54.7,0,,2.2,4,13,
119,1679246582,2023-03-19T10:00:00,48.2906,-122.8753,60.6,0,,13.2,28,19.2,16
120,1679246579,2023-03-19T10:00:00,49.1968,-123.1931,60.7,0,,0.5,2,83,
121,1679246582,2023-03-19T13:00:00,42.5475,-73.3442,42.9,0,50.6,32.4,290,100,16
122,1679246581,2023-03-19T11:00:00,51.7504,-114.3661,57.5,0,,9.5,294,33,
123,1679246582,2023-03-19T13:00:00,45.3265,-72.0968,73.5,0,40.7,29,270,81,
124,1679246583,2023-03-19T10:00:00,49.1854,-123.1604,60.5,0,,0.7,2,84,
125,1679246581,2023-03-19T13:00:00,40.68,-77.4365,40.2,0,43.9,29.3,304,91.7,16
126,1679246582,2023-03-19T10:00:00,48.5672,-123.0052,60.1,0,,9.4,350,0,15.8
127,1679246580,2023-03-19T13:00:00,45.4213,-73.9764,49,0,53.4,31.3,248,75,
128,1679246582,2023-03-19T10:00:00,49.5313,-122.9321,64.4,0,,2.1,353,76,
129,1679246569,2023-03-19T13:00:00,43.6816,-79.6155,54.4,0,53.5,44.5,260,88,24
130,1679246582,2023-03-19T14:00:00,45.2768,-65.5801,58.3,0,31.3,17.6,244,89.6,21.1
131,1679246583,2023-03-19T13:00:00,43.7654,-79.9387,59.1,0,39.5,27.6,266,90,
132,1679246583,2023-03-19T10:00:00,49.2899,-123.3097,58.4,0,,4.4,70,85,
133,1679246571,2023-03-19T13:00:00,45.4781,-73.7181,49.3,0,49.4,18,228,78,
134,1679246582,2023-03-19T10:00:00,48.9256,-123.0516,63.2,0,,8.2,1,0,14
135,1679246575,2023-03-19T13:00:00,43.6934,-79.6342,54.3,0,53.3,44.2,260,88,24
136,1679246581,2023-03-19T14:00:00,45.4739,-61.965,36.4,0,39.7,24.3,272,25,14
137,1679246581,2023-03-19T12:00:00,32.8794,-97.0301,29.6,0,,9.5,59,50,16
138,1679246539,2023-03-19T13:00:00,43.686,-79.6291,54.3,0,53.4,44.3,260,88,24
139,1679246583,2023-03-19T13:00:00,26.0749,-80.1463,68.2,0,,25.9,50,88,16
140,1679246582,2023-03-19T13:00:00,45.4574,-73.7456,49.3,0,50,21.4,229,76,
141,1679246583,2023-03-19T10:00:00,45.5908,-122.5887,43.2,0,38.9,20,130,83.5,16
142,1679246579,2023-03-19T10:00:00,32.7359,-117.2035,80.3,0,,7.8,180,95.9,14.3
143,1679246574,2023-03-19T13:00:00,45.4601,-73.747,49.3,0,50.1,21.4,229,76,
144,1679246583,2023-03-19T11:00:00,51.1294,-114.0099,50.5,0,,3.6,120,0,24
145,1679246583,2023-03-19T10:00:00,49.1891,-123.1808,60.6,0,,0.6,2,83,
146,1679246583,2023-03-19T10:00:00,48.9768,-123.6731,72.8,0,,5.4,297,79,
147,1679246583,2023-03-19T11:00:00,49.5164,-116.0179,55.8,0,,0.2,350,25,72
148,1679246583,2023-03-19T13:00:00,43.6853,-79.6281,54.4,0,53.4,44.4,260,88,24
149,1679246570,2023-03-19T13:00:00,43.6794,-79.6135,54.4,0,53.5,44.5,260,88,24
150,1679246580,2023-03-19T13:00:00,45.4602,-73.7462,49.3,0,50,21.3,229,76,
151,1679250225,2023-03-20T04:00:00,-9.7345,154.9791,74.79,2.5,10.1,9.4,105.7,100,17
152,1679250231,2023-03-19T06:00:00,-20.9761,-175.6778,94.2,0.6,,16.6,90,88,10
153,1679250229,2023-03-20T04:00:00,-4.3612,156.1225,64.56,0,9.4,9,18.1,55.6,24.1
154,1679250230,2023-03-20T03:00:00,34.7465,134.9967,73,0,,7.6,15,25,10
155,1679250230,2023-03-19T12:00:00,63.0496,-115.5959,55.25,0,21.2,14.8,126.7,66.4,24.1
156,1679250232,2023-03-19T11:00:00,49.1949,-123.11,53.3,0,,2.5,170,88,
157,1679250230,2023-03-20T04:00:00,38.4503,142.6362,60.68,0,37.8,31,255.9,0,24.1
158,1679250225,2023-03-19T14:00:00,43.6792,-79.6124,50.3,0,57.5,44.5,290,88,24
159,1679250225,2023-03-19T12:00:00,60.1105,-102.2562,73.95,0,11.9,10.4,32.2,74.1,14
160,1679250229,2023-03-19T15:00:00,60.545,-47.7224,65.36,0,17.6,13.7,98.5,100,24.1
161,1679250230,2023-03-19T14:00:00,49.4467,-66.1949,66.9,0,55.3,41,261,12,
162,1679250216,2023-03-19T10:00:00,67.3512,-147.7419,71.05,0,5.8,5.8,28.6,100,24.1
163,1679250230,2023-03-19T14:00:00,45.1966,-78.062,44,0,,9,272,67,
164,1679250232,2023-03-19T22:00:00,22.378,65.643,75.78,0.3,17.3,15.8,243.4,58.8,24.1
165,1679250230,2023-03-19T14:00:00,45.3485,-77.8387,43.3,0,35.3,9.6,276,67,
166,1679250231,2023-03-19T14:00:00,49.3587,-67.7064,77.5,0,55.9,44.1,240,88,14
167,1679250230,2023-03-19T14:00:00,51.0229,-67.153,82.15,0,28.8,21.6,270,83,1.2
168,1679250230,2023-03-19T14:00:00,48.0475,-74.1081,63.2,0,,14.8,270,75,
169,1679250231,2023-03-19T15:00:00,54.8515,-58.0799,100,0.2,40.7,24.1,10,100,2
170,1679250233,2023-03-19T14:00:00,72.0878,-82.0475,72.65,0,10.1,9.4,21.2,5,24.1
171,1679250233,2023-03-19T14:00:00,59.3311,-56.3191,75.27,0,25.6,24.8,17.6,100,24.1
172,1679250229,2023-03-19T15:00:00,54.3921,-63.8164,83.91,0.5,56.2,37.4,60,87,0.8
173,1679250231,2023-03-19T13:00:00,28.7311,-98.9118,56.1,0,,6.4,260,66.8,16
174,1679250231,2023-03-19T14:00:00,43.345,-83.7818,56.3,0,44.9,29.4,250,6.7,16
175,1679250232,2023-03-19T11:00:00,37.6126,-122.3814,93,0.5,48.2,5.4,60,100,3
176,1679250229,2023-03-19T16:00:00,58.1058,-36.7213,95.88,0.7,66.6,58,47,100,0.9
177,1679250232,2023-03-19T11:00:00,36.006,-114.3961,28.2,0,,1.6,29,95.5,16
178,1679250230,2023-03-19T19:00:00,50.2962,6.7192,85.2,0,,4.2,212,90.2,10
179,1679250230,2023-03-19T12:00:00,22.6236,-104.142,16.66,0,24.1,15.8,233.9,3.8,24.1
180,1679250231,2023-03-19T13:00:00,27.6527,-76.7595,85.39,0,23,20.2,320,49,16.3
181,1679250225,2023-03-19T14:00:00,69.1679,-73.6813,63.8,0,,6.5,49.9,4.7,
182,1679250230,2023-03-19T13:00:00,43.7901,-95.7567,65.7,0,50.8,42.3,213,0,16
183,1679250230,2023-03-19T14:00:00,14.8779,-63.1986,78.99,1.1,31,27.7,101.3,10.3,11.1
184,1679250229,2023-03-19T14:00:00,55.5625,-55.3817,86.24,0,25.2,22.7,114.3,99.9,24.1
185,1679250230,2023-03-19T13:00:00,31.9142,-92.7539,32.6,0,38,19.6,322,0,16
186,1679250230,2023-03-19T14:00:00,34.5535,-77.4506,27.6,0,25.9,13.5,317,0,16
187,1679250232,2023-03-19T13:00:00,18.5632,-87.8454,55.3,0.6,,0,360,50,11
188,1679250230,2023-03-19T12:00:00,26.9947,-93.8459,53.61,0,57.6,51.8,30,87,16.3
189,1679250230,2023-03-19T14:00:00,43.1745,-85.8869,52.9,0,42,26,268,6.2,16
190,1679250210,2023-03-19T12:00:00,18.3655,-83.2743,73.59,0,25.6,24.1,156.3,100,24.1
191,1679250231,2023-03-19T13:00:00,42.8748,-87.4648,32.7,0,40.4,26.7,262,0,16
192,1679250230,2023-03-19T13:00:00,27.4621,-79.3612,86.83,0.3,42.5,31.3,350,92,16.3
193,1679250233,2023-03-19T15:00:00,69.0767,-40.5289,75.75,0,16.6,13.7,144.6,100,3.7
194,1679250230,2023-03-19T12:00:00,51.2812,-110.4054,66.8,0,,5.3,281,26,
195,1679250229,2023-03-19T12:00:00,49.9744,-114.2945,43.9,0,,3.5,57,10,
196,1679250231,2023-03-19T12:00:00,52.5188,-108.7675,57.4,0,,3.6,28,0,11
197,1679250231,2023-03-19T14:00:00,35.3601,-80.7268,33.5,0,,14.6,43,0.4,16
198,1679250230,2023-03-19T13:00:00,42.8451,-89.0027,32.1,0,30.7,18,246,0,16
199,1679250229,2023-03-19T14:00:00,46.5384,-84.9641,50.3,0,35.1,23.5,264,64.4,16
200,1679250232,2023-03-19T14:00:00,47.4817,-82.0896,56.37,0,36,24.5,270,80,14.5
201,1679250230,2023-03-19T13:00:00,35.4865,-100.8745,29.6,0,31.7,24.6,180,0,16
202,1679250229,2023-03-19T14:00:00,48.6013,-90.7118,36.1,0,,12.3,257,36,
203,1679250232,2023-03-19T11:00:00,49.1994,-123.1776,54.2,0,,2.4,179,85,
204,1679250232,2023-03-19T13:00:00,44.3251,-95.886,53,0,55.3,42.6,224,0,15.5
205,1679250230,2023-03-19T11:00:00,34.0196,-118.4026,68.5,0,,2.1,348,100,16
206,1679250231,2023-03-19T13:00:00,47.0874,-97.027,65,0,,18.3,189,0,16
207,1679250232,2023-03-19T12:00:00,38.6902,-104.8672,26.3,0,,13.7,113,1.8,16
208,1679250230,2023-03-19T14:00:00,30.4579,-82.2885,38,0,,9.8,348,43.4,16
209,1679250230,2023-03-19T13:00:00,47.8684,-98.2947,72.8,0,,17.3,297,5.9,16
210,1679250224,2023-03-19T14:00:00,43.6807,-79.6161,50.3,0,57.5,44.5,290,88,24
211,1679250232,2023-03-19T13:00:00,50.4223,-99.12,68,0,,14.8,0,68,
212,1679250198,2023-03-19T14:00:00,43.6756,-79.6164,50.4,0,57.5,44.5,290,88,24
213,1679250230,2023-03-19T14:00:00,42.049,-73.5423,39.3,0,44.3,23.9,287,97.5,16
214,1679250230,2023-03-19T14:00:00,45.212,-76.7304,55.48,0,40.3,27.4,280,64,16.3
215,1679250232,2023-03-19T13:00:00,41.3059,-95.6956,28.3,0,41.9,26.6,235,0,16
216,1679250232,2023-03-19T12:00:00,49.6128,-101.9162,72.9,0,,13,10,20,
217,1679250233,2023-03-19T09:00:00,44.7329,-137.8508,62.88,0,16.2,11.5,186,5,24.1
218,1679250227,2023-03-19T14:00:00,43.6668,-79.6152,50.4,0,57.5,44.6,290,88,24
219,1679250231,2023-03-19T12:00:00,42.5901,-108.7857,55.3,0,,6.3,34,0,16
220,1679250226,2023-03-19T14:00:00,45.4592,-73.749,44.9,0,45.7,22.4,233,78,
221,1679250231,2023-03-19T18:00:00,56.0539,-5.7635,83.53,0.7,14.4,9.4,138.3,100,
222,1679250230,2023-03-19T12:00:00,50.0083,-111.8693,69.9,0,,4.5,333,20,
223,1679250230,2023-03-19T14:00:00,45.457,-73.7539,44.9,0,45.8,22.8,235,78,
224,1679250229,2023-03-19T12:00:00,49.6076,-105.3844,68,0,,19.8,316,55,
225,1679250231,2023-03-19T13:00:00,49.8985,-94.8306,44.5,0,,6.6,261,19,22.1
226,1679250227,2023-03-19T13:00:00,31.0249,-77.7966,65.39,0,28.8,25.9,320,62,16.3
227,1679250231,2023-03-19T14:00:00,33.5229,-80.8873,28.4,0,,0.5,360,0,16
228,1679250230,2023-03-19T13:00:00,49.771,-97.2191,59.9,0,,16.3,8,25,24
229,1679250232,2023-03-19T15:00:00,44.869,-64.3979,80.4,0.023,38.6,18.1,246,88,5
230,1679250232,2023-03-19T11:00:00,41.5046,-117.6322,36.6,0,,7.6,50,100,16
231,1679250232,2023-03-19T13:00:00,36.9514,-89.1538,41.1,0,27.7,12,282,5.6,16
232,1679250232,2023-03-19T12:00:00,42.2312,-105.5782,15.2,0,55.4,35.3,270,0,16
233,1679250229,2023-03-19T14:00:00,34.9503,-80.8016,31.2,0,22.3,7.8,306,0,16
234,1679250231,2023-03-19T11:00:00,43.2088,-118.5293,59.8,0,,14.8,90,0,16
235,1679250231,2023-03-19T11:00:00,40.9524,-120.7308,91.7,1,,5.4,50,100,3
236,1679250232,2023-03-19T11:00:00,44.7582,-119.8521,52.9,0,35.3,24.1,150,82,16.3
237,1679250230,2023-03-19T12:00:00,44.7746,-107.6456,29.3,0,,13,153,0,16
238,1679250232,2023-03-19T15:00:00,48.3609,-59.9416,86.99,0,65.9,51.5,253.4,9.7,24.1
239,1679250231,2023-03-19T11:00:00,42.8895,-123.2657,88.5,0.265,37.1,10.3,99,100,7.5
240,1679250232,2023-03-19T11:00:00,41.3598,-120.4978,91.7,1,,5.4,50,100,3
241,1679250230,2023-03-19T14:00:00,43.693,-79.6367,50.2,0,57.2,44.2,289,88,24
242,1679250232,2023-03-19T14:00:00,45.459,-74.8494,42.9,0,41.4,23.5,276,100,16
243,1679250230,2023-03-19T14:00:00,47.7755,-88.0078,48.9,0,40.3,20.5,295,0,16
244,1679250231,2023-03-19T15:00:00,46.0996,-65.3378,57.9,0,39.5,24.6,247,88,24
245,1679250231,2023-03-19T14:00:00,38.191,-83.0907,41.2,0,27.7,8.7,290,92.7,16
246,1679250232,2023-03-19T15:00:00,47.7339,-52.8911,99.5,0.2,30.3,18.4,219,100,2
247,1679250231,2023-03-19T13:00:00,38.1278,-91.5451,41.4,0,31,15.4,271,0,16
248,1679250230,2023-03-19T14:00:00,44.2732,-69.2667,31.5,0,41,25,265,93.1,16
249,1679250230,2023-03-19T13:00:00,32.1748,-77.8778,64.87,0,34.6,31.7,350,45,16.3
250,1679250230,2023-03-19T11:00:00,36.5487,-121.0495,74.4,0.14,51.1,30.3,83,92.8,14.4
251,1679250231,2023-03-19T15:00:00,45.9174,-67.3331,28.4,0,45.6,26.8,260,96.2,15.4
252,1679250231,2023-03-19T11:00:00,49.5894,-121.7759,49.5,0,,11,44,16,19.5
253,1679250231,2023-03-19T11:00:00,49.1944,-123.1855,54.1,0,,2.4,178,85,
254,1679250230,2023-03-19T14:00:00,45.1357,-69.4485,48.2,0,43.6,17.1,262,93.2,16
255,1679250230,2023-03-19T14:00:00,43.2906,-86.6697,51.6,0,42.5,26.5,262,0,16
256,1679250231,2023-03-19T14:00:00,45.5861,-68.564,31.8,0,48.1,20.3,280,100,16
257,1679250229,2023-03-19T14:00:00,42.1481,-75.6168,53.9,0,46.2,26.3,296,98.6,10.1
258,1679250230,2023-03-19T14:00:00,42.9021,-78.6217,53.1,0,52.6,32.6,261,89,14.2
259,1679250230,2023-03-19T14:00:00,44.0932,-85.0973,46.6,0,41.1,23.2,252,0,16
260,1679250231,2023-03-19T14:00:00,42.0608,-74.1777,43.1,0,42.5,25.5,292,100,15.4
261,1679250230,2023-03-19T11:00:00,51.0331,-124.9629,59.72,0,7.2,4.3,70,69,16.3
262,1679250230,2023-03-19T14:00:00,42.4961,-73.8405,55.6,0,38.6,21.4,270,92.6,16
263,1679250231,2023-03-19T14:00:00,40.6141,-80.8688,46.5,0,33.2,22.1,280,100,16
264,1679250231,2023-03-19T14:00:00,46.3783,-77.6065,41.5,0,35.3,18.4,300,86,
265,1679250232,2023-03-19T14:00:00,45.3794,-75.9798,44.2,0,42.1,29.3,276,50,24
266,1679250231,2023-03-19T14:00:00,45.6147,-68.7323,31.5,0,48.2,20.5,280,100,16
267,1679250230,2023-03-19T14:00:00,43.5963,-75.4179,61.8,0,49.6,34.5,273,100,7.8
268,1679250230,2023-03-19T14:00:00,43.5617,-73.7943,39.8,0,39.8,21.3,257,98.6,16
269,1679250231,2023-03-19T11:00:00,49.0985,-123.1263,53.3,0,,4,5,86,
270,1679250230,2023-03-19T11:00:00,52.8281,-122.4777,76.1,0,,2.8,359,3.5,14.7
271,1679250230,2023-03-19T11:00:00,49.4401,-122.2175,48.6,0,,5.4,38,80,
272,1679250230,2023-03-19T12:00:00,50.8879,-109.522,70.3,0,,5.4,250,51,
273,1679250230,2023-03-19T14:00:00,44.2766,-73.9142,46.7,0,48.4,29.1,253,98.6,10.3
274,1679250231,2023-03-19T11:00:00,49.0316,-122.9253,46.9,0,,5.5,66,50,14
275,1679250231,2023-03-19T14:00:00,43.6679,-79.6081,50.4,0,57.6,44.6,290,88,24
276,1679250232,2023-03-19T14:00:00,45.9411,-74.4815,47.4,1.917,32.3,14.5,259,77.9,37.9
277,1679250231,2023-03-19T11:00:00,49.1489,-121.0692,55,0,,10.6,47,0,14
278,1679250231,2023-03-19T13:00:00,33.5163,-88.4923,39.7,0,29.1,17.8,321,7.9,15.1
279,1679250228,2023-03-19T14:00:00,21.7758,-72.2709,57.9,0,,11.2,150,50,10
280,1679250229,2023-03-19T14:00:00,45.3438,-73.824,44.5,0,45.1,26.8,253,76,
281,1679250232,2023-03-19T14:00:00,44.7565,-77.8475,48.3,0,35.8,14.7,271,88,14
282,1679250230,2023-03-19T11:00:00,51.9718,-123.2525,59.5,0,,13,70,40,
283,1679250231,2023-03-19T11:00:00,49.8504,-122.5383,54.2,0,,5,354,70,
284,1679250230,2023-03-19T14:00:00,43.3505,-78.8359,58.3,0,59.7,41.4,265,96.7,15.4
285,1679250232,2023-03-19T14:00:00,45.9155,-73.9048,53.4,0.433,38.9,23.4,243,88,40
286,1679250232,2023-03-19T14:00:00,45.467,-73.7332,45,0,45.4,20.7,228,78,
287,1679250230,2023-03-19T14:00:00,40.7617,-74.2119,27.3,0,46.4,32.3,288,88,16
288,1679250231,2023-03-19T14:00:00,43.3141,-80.0954,55.9,0,32.3,19,271,74,
289,1679250218,2023-03-19T18:00:00,51.4755,-0.4325,66.3,0,,12.9,250,88,10
290,1679250231,2023-03-19T14:00:00,43.2724,-79.6793,56.7,0,39.6,25.2,269,88,
291,1679250230,2023-03-19T12:00:00,50.3183,-107.4178,71.4,0,,16.6,293,0,14
292,1679250231,2023-03-19T14:00:00,41.0333,-74.0645,31.8,0,40.8,24.3,306,74.5,16
293,1679250230,2023-03-19T12:00:00,53.2735,-112.332,41.5,0,,2.1,138,35,
294,1679250231,2023-03-19T14:00:00,45.4712,-73.7277,45.1,0,45.3,20.1,225,78,
295,1679250229,2023-03-19T12:00:00,53.054,-114.0607,41.4,0,,3.1,351,35,
296,1679250230,2023-03-19T14:00:00,43.6765,-79.6801,50.2,0,57,43.8,289,88,24
297,1679250230,2023-03-19T14:00:00,43.6795,-79.6014,50.4,0,57.5,44.6,290,88,24
298,1679250208,2023-03-19T14:00:00,43.6854,-79.6284,50.3,0,57.4,44.4,290,88,24
299,1679250202,2023-03-19T14:00:00,43.6788,-79.6188,50.3,0,57.5,44.5,290,88,24
300,1679250231,2023-03-19T14:00:00,43.4335,-79.7097,54,0,39,24.4,268,81,
301,1679250232,2023-03-19T11:00:00,49.1967,-123.172,54.1,0,,2.4,178,86,
302,1679250230,2023-03-19T12:00:00,51.1312,-114.0124,44,0,,3.6,70,0,24
303,1679250232,2023-03-19T11:00:00,53.8926,-122.6712,68.8,0,,11.2,360,0,14
304,1679250231,2023-03-19T13:00:00,49.903,-97.23,67.4,0,,22.2,20,25,24
305,1679250178,2023-03-19T14:00:00,43.68,-79.6067,50.4,0,57.5,44.5,290,88,24
306,1679254968,2023-03-20T05:00:00,-20.0707,152.9852,84.65,0.1,36.7,28.8,103.5,100,24.1
307,1679254971,2023-03-20T07:00:00,-30.124,179.1229,78.52,0,22.3,22,118,12.6,24.1
308,1679254963,2023-03-20T05:00:00,-14.9845,154.5691,77.5,0,16.6,15.5,122.7,51.2,24.1
309,1679254968,2023-03-20T03:00:00,29.1281,126.8042,77.73,0,13,9.7,99.7,100,14.2
310,1679254971,2023-03-19T14:00:00,55.8523,-97.8931,66.1,0,27.7,16.6,30,88,24
311,1679254969,2023-03-20T04:00:00,34.581,133.058,73.8,0,2.9,2.9,61.3,5.1,24.1
312,1679254967,2023-03-19T15:00:00,52.5749,-86.7273,65.26,0,18.7,13,0,61,16.3
313,1679254963,2023-03-19T15:00:00,56.2245,-65.4413,81.16,0,42.1,27.7,72.5,100,19.7
314,1679254963,2023-03-19T13:00:00,65.9623,-121.2117,88.58,0,24.1,21.6,99.8,100,4.2
315,1679254968,2023-03-19T15:00:00,44.6504,-78.6521,47.5,0,37.9,27.9,276,45,
316,1679254968,2023-03-19T15:00:00,49.4569,-72.4409,63.8,0,,29.5,280,68,
317,1679254970,2023-03-19T14:00:00,63.8833,-101.6962,73.01,0,6.8,7.2,304.5,99.8,24.1
318,1679254969,2023-03-19T15:00:00,51.9262,-67.8706,76.42,0,17.3,13,330,83,2.6
319,1679254968,2023-03-19T15:00:00,45.8165,-72.3382,59.3,0,48.1,37,240,88,14
320,1679254968,2023-03-19T13:00:00,20.2983,-101.0701,13.95,0,20.5,9,207.1,1.2,24.1
321,1679254963,2023-03-19T15:00:00,55.7932,-54.6146,76.26,0,29.2,25.2,78.5,99.8,24.1
322,1679254968,2023-03-19T12:00:00,33.9364,-118.4233,81.1,0,,14.4,249,100,16
323,1679254968,2023-03-19T15:00:00,21.7758,-72.2709,61.6,0,,11.2,160,50,10
324,1679254963,2023-03-19T14:00:00,63.8542,-96.9046,72.3,0,,21.7,349,25,32
325,1679254970,2023-03-19T15:00:00,45.7534,-81.1283,63.8,0,37.1,24.1,250,47,
326,1679254970,2023-03-19T15:00:00,49.348,-67.8829,75.8,0,40.2,30.7,243,50,14
327,1679254970,2023-03-19T15:00:00,45.2791,-73.5769,46.8,0,40.7,20.8,268,69,
328,1679254970,2023-03-19T14:00:00,21.0764,-86.7485,88.6,0,,7.6,50,88,10
329,1679254970,2023-03-19T15:00:00,40.74,-74.1346,25.6,0,46.8,30.7,281,88,16
330,1679254971,2023-03-19T15:00:00,69.9565,-69.9238,72.7,0,,22.3,310,0,14
331,1679254968,2023-03-19T19:00:00,51.5638,-2.9315,82,0.2,,18.5,268,40.9,10
332,1679254926,2023-03-19T15:00:00,43.6776,-79.6149,54.5,0,57.5,40.6,270,88,24
333,1679254965,2023-03-19T13:00:00,27.3385,-92.5366,54.25,0,53.3,49,10,87,16.3
334,1679254970,2023-03-19T15:00:00,45.5066,-75.809,42.9,0,39.9,25.8,273,40.5,24
335,1679254968,2023-03-19T15:00:00,43.9631,-82.1031,56.8,0,44.5,28.6,250,0,16
336,1679254969,2023-03-19T14:00:00,30.6158,-95.9506,32.3,0,27.7,8.7,2,0,16
337,1679254967,2023-03-19T13:00:00,49.571,-112.0565,72.7,0,,10.1,308,15,
338,1679254969,2023-03-19T15:00:00,43.4774,-81.4347,55.1,0,39.1,27.2,251,25,24
339,1679254970,2023-03-19T15:00:00,46.9483,-85.2136,59.8,0,44.4,32.2,265,24.4,19.9
340,1679254967,2023-03-19T09:00:00,38.224,-145.6928,74.79,0,43.2,33.8,281.5,100,15.3
341,1679254968,2023-03-19T15:00:00,43.9253,-78.9797,63.2,0,51.8,24.1,270,100,14
342,1679254967,2023-03-19T17:00:00,59.4296,-23.1376,74.76,0,61.2,44.3,89,97.5,
343,1679254970,2023-03-19T12:00:00,49.2023,-123.1879,50.8,0,,2.3,165,90,
344,1679254968,2023-03-19T15:00:00,45.1929,-80.0873,55.1,0,38.8,22,293,50,10
345,1679254968,2023-03-19T15:00:00,48.1955,-88.0871,55.1,0,,11.2,210,58,
346,1679254968,2023-03-19T15:00:00,44.6786,-80.8367,63.1,0,41.9,24.3,271,88,24
347,1679254968,2023-03-19T15:00:00,41.5306,-78.5432,52.3,0,41.8,29.4,277,100,14.8
348,1679254969,2023-03-19T15:00:00,26.0771,-80.1905,70.5,0,,20.7,48,99.2,16
349,1679254970,2023-03-19T15:00:00,45.0856,-81.364,63.8,0,39.1,24.6,255,88,24
350,1679254970,2023-03-19T12:00:00,33.4418,-112.2097,25.1,0,42.5,26,106,64.2,16
351,1679254970,2023-03-19T15:00:00,43.6391,-79.4819,46.6,0,53.3,36.8,269,88,14
352,1679254968,2023-03-19T14:00:00,33.5625,-97.5813,25.5,0,,9.4,216,0,16
353,1679254968,2023-03-19T15:00:00,26.1508,-80.2266,69.6,0,,18.6,31,92.9,16
354,1679254970,2023-03-19T12:00:00,33.6727,-117.8677,53.8,0,,16.5,180,100,16
355,1679254969,2023-03-19T12:00:00,36.1521,-112.812,45.2,0,27.7,22.3,180,50,16
356,1679254968,2023-03-19T14:00:00,35.6294,-99.3375,27.1,0,29,23.5,184,0,16
357,1679254968,2023-03-19T12:00:00,32.6829,-116.9803,61.6,0,,14.1,198,42.9,16
358,1679254968,2023-03-19T13:00:00,50.2683,-101.5089,73.4,0,,19.5,7,36,
359,1679254967,2023-03-19T15:00:00,29.8903,-83.6422,32.8,0,25.9,12.2,336,0,16
360,1679254968,2023-03-19T15:00:00,43.6102,-79.4801,47.7,0,53.3,36.8,269,88,14
361,1679254969,2023-03-19T15:00:00,43.3651,-73.6099,37.5,0,50,25.9,270,100,16
362,1679254969,2023-03-19T12:00:00,46.5978,-122.1101,62.8,0,,0,0,34,16
363,1679254968,2023-03-19T17:00:00,47.5474,-52.5724,99.9,0,58.3,38,261,100,3
364,1679254968,2023-03-19T14:00:00,41.291,-98.8265,17.6,0,57.9,40,215,0,16
365,1679254970,2023-03-19T15:00:00,42.7487,-75.8853,54.8,0,49.6,31.9,279,100,10.7
366,1679254968,2023-03-19T15:00:00,35.8274,-78.859,30.1,0,,9.6,334,23.9,16
367,1679254968,2023-03-19T15:00:00,44.8199,-84.9448,32.4,0,47.4,25.2,265,0,14.9
368,1679254967,2023-03-19T15:00:00,33.6496,-84.3059,30.9,0,44,28.8,332,18.4,16
369,1679254969,2023-03-19T14:00:00,49.5347,-90.374,33.4,0,,14.8,300,61,
370,1679254968,2023-03-19T15:00:00,42.555,-86.7432,50.7,0,46.3,32,250,0,16
371,1679254968,2023-03-19T15:00:00,37.0068,-82.3596,56.7,0,27.6,14.2,339,92.8,16
372,1679254969,2023-03-19T14:00:00,49.2088,-93.5503,37.8,0,33.5,13.3,306,0,16
373,1679254968,2023-03-19T15:00:00,43.2979,-80.9211,54.4,0,40.3,27,256,47.6,20.4
374,1679254967,2023-03-19T14:00:00,23.3368,-70.4541,65.98,0,23,20.2,140,41,16.3
375,1679254970,2023-03-19T14:00:00,25.8751,-75.5261,84.44,0.8,31.7,27.4,190,67,12.8
376,1679254970,2023-03-19T15:00:00,36.7036,-76.4016,34.8,0,32.2,14.2,300,10.7,16
377,1679254970,2023-03-19T15:00:00,38.4176,-82.2057,39,0,,13.9,248,88,16
378,1679254968,2023-03-19T15:00:00,42.5837,-82.383,36.3,0,40.4,27.9,246,17.3,16
379,1679254969,2023-03-19T16:00:00,44.8651,-64.2033,70.5,0,40.5,23,240,88,19
380,1679254969,2023-03-19T14:00:00,36.4183,-86.1028,41.1,0,24.6,12.9,308,90,16
381,1679254970,2023-03-19T18:00:00,55.3141,-12.4904,94.81,0,26.6,16.9,250.8,99.6,
382,1679254968,2023-03-19T12:00:00,49.6245,-121.3095,45.2,0,31.7,12.8,55,0,14
383,1679254968,2023-03-19T14:00:00,50.0409,-95.9576,45.7,0,,9.4,330,23,
384,1679254968,2023-03-19T15:00:00,27.1348,-80.448,68.9,0,29.5,22.9,3,100,16
385,1679254969,2023-03-19T15:00:00,36.233,-78.8874,28.2,0,28.7,12.8,350,4.9,16
386,1679254968,2023-03-19T15:00:00,46.6777,-84.9949,47.3,0,33.2,20,255,32.6,16
387,1679254969,2023-03-19T12:00:00,41.9995,-120.7099,92.5,0.8,,0,0,100,15.5
388,1679254969,2023-03-19T13:00:00,50.974,-115.2069,31.1,0,,9.6,254,0,14
389,1679254968,2023-03-19T15:00:00,47.6784,-83.8089,83.4,0,35.3,12.5,240,100,17.5
390,1679254967,2023-03-19T15:00:00,36.5011,-81.6238,40.3,0,29.1,20.4,312,12.8,16
391,1679254963,2023-03-19T14:00:00,25.6578,-71.2422,67.57,0,27.4,23,170,36,16.3
392,1679254969,2023-03-19T13:00:00,50.2679,-101.5049,73.4,0,,19.5,7,36,
393,1679254967,2023-03-19T14:00:00,51.8294,-98.9014,59.03,0,30.2,20.2,10,57,16.3
394,1679254970,2023-03-19T16:00:00,-28.4026,-51.1378,25.59,0,11.5,9.4,189.1,100,24.1
395,1679254970,2023-03-19T15:00:00,40.8472,-77.973,43,0,50.5,31.1,309,88.7,16
396,1679254968,2023-03-19T13:00:00,25.7423,-100.2157,93.1,0,,9.4,360,100,1
397,1679254968,2023-03-19T14:00:00,31.4925,-77.8327,64.02,0,30.2,28.8,340,49,16.3
398,1679254968,2023-03-19T15:00:00,24.1808,-78.7886,84.44,0,14.4,13,180,58,16.3
399,1679254968,2023-03-19T15:00:00,41.2379,-85.3028,43.6,0,37.3,23.7,280,7.8,16
400,1679254968,2023-03-20T00:00:00,32.931,72.9702,62.29,0,4,3.6,166.4,1.4,24.1
401,1679254969,2023-03-19T15:00:00,44.0663,-70.2253,35.8,0,37.2,25.9,240,99.8,16
402,1679254967,2023-03-19T14:00:00,24.2187,-69.9322,67.65,0,21.6,20.2,150,73,16.3
403,1679254970,2023-03-19T15:00:00,40.2126,-82.5804,46.2,0,31.7,22.2,261,90.8,16
404,1679254969,2023-03-19T15:00:00,18.6992,-62.0998,72.9,0,32,29.9,79.8,16.3,24.1
405,1679254969,2023-03-19T15:00:00,42.2314,-74.6009,54.7,0,37.1,20.5,260,100,16
406,1679254969,2023-03-19T15:00:00,41.4436,-81.8044,49.3,0,38.9,27.2,260,98,16
407,1679254969,2023-03-19T15:00:00,18.5189,-62.0654,72.92,0,33.1,30.2,77.6,6.6,24.1
408,1679254970,2023-03-19T15:00:00,47.0999,-80.9574,53.8,0,38.9,24.1,260,100,32
409,1679254969,2023-03-19T17:00:00,48.8818,-57.7523,91.7,0,43.1,23.6,249,88,24
410,1679254969,2023-03-19T15:00:00,17.2416,-64.0584,73.04,0,36,31.7,82.2,0,24.1
411,1679254968,2023-03-19T12:00:00,49.4434,-117.5818,48.2,0,,14,1,50,24
412,1679254968,2023-03-19T15:00:00,21.8713,-66.0049,63.49,0,27,26.3,113.8,99.5,24.1
413,1679254969,2023-03-19T15:00:00,45.5355,-73.6388,43,0,40.3,10.6,236,73,
414,1679254967,2023-03-19T15:00:00,43.6816,-79.6155,54.4,0,57.5,40.6,270,88,24
415,1679254969,2023-03-19T16:00:00,45.9705,-66.1573,29.9,0,49.5,34.3,258,55.5,15.4
416,1679254968,2023-03-19T15:00:00,47.0717,-69.1153,57.5,0,60.2,41.8,247,100,16
417,1679254955,2023-03-19T15:00:00,43.6811,-79.6154,54.4,0,57.5,40.6,270,88,24
418,1679254969,2023-03-19T15:00:00,42.2904,-84.6524,47.2,0,43.6,23.1,245,0,16
419,1679254970,2023-03-19T17:00:00,47.6259,-55.1206,80.5,0,50,27.7,280,81.1,
420,1679254969,2023-03-19T12:00:00,24.6439,-110.6645,79.75,0,15.8,14.4,100,1,16.3
421,1679254968,2023-03-19T15:00:00,44.4651,-73.957,44.8,0,37.1,18.8,275,99.1,16
422,1679254969,2023-03-19T12:00:00,49.0744,-121.3949,44.2,0,31.7,13,52,17.4,19.9
423,1679254967,2023-03-19T15:00:00,45.3206,-75.6639,45.1,0,40.7,27.7,270,25,24
424,1679254964,2023-03-19T15:00:00,45.3214,-75.6677,45.1,0,40.7,27.7,270,25,24
425,1679254968,2023-03-19T15:00:00,44.7701,-73.8969,40.6,0,38,19.4,282,100,16
426,1679254968,2023-03-19T12:00:00,49.5833,-124.5065,82.9,0,,7.3,342,100,32
427,1679254968,2023-03-19T13:00:00,50.5169,-115.2334,28.9,0,,6.3,311,9,
428,1679254969,2023-03-19T12:00:00,32.65,-117.0741,70,0,,13.1,182,59.8,15.2
429,1679254971,2023-03-19T13:00:00,23.8659,-87.1035,86.33,0.5,63.4,53.3,20,100,12.8
430,1679254950,2023-03-19T15:00:00,45.4574,-73.7456,44.3,0,40.7,18.9,255,71,
431,1679254970,2023-03-19T15:00:00,43.7513,-79.4971,48.2,0,56.9,40,269,88,24
432,1679254969,2023-03-19T12:00:00,49.1892,-123.2871,56,0,,3.4,278,87,
433,1679254969,2023-03-19T15:00:00,40.4882,-81.069,45.2,0,29.5,15.5,269,100,15.7
434,1679254968,2023-03-19T13:00:00,20.5215,-103.3015,15.28,0,17.6,8.6,202.9,0,24.1
435,1679254960,2023-03-19T14:00:00,29.9591,-95.3403,31,0,35.2,16.5,330,87.4,16
436,1679254968,2023-03-19T15:00:00,45.8611,-67.8544,32.1,0,56.2,29.4,260,89.8,16
437,1679254964,2023-03-19T14:00:00,29.9882,-95.349,31,0,35.2,16.5,330,86.9,16
438,1679254967,2023-03-19T15:00:00,43.6608,-79.6861,53.3,0,57,40,270,88,24
439,1679254970,2023-03-19T13:00:00,51.105,-114.0214,32.3,0,,7.6,90,0,16
440,1679254968,2023-03-19T15:00:00,43.6921,-79.6381,53.9,0,57.3,40.4,270,88,24
441,1679254940,2023-03-19T15:00:00,40.7741,-73.867,25,0,42.5,27.8,261,53,16
442,1679254925,2023-03-19T15:00:00,25.7926,-80.2835,66.2,0,,7.6,30,99.9,16
443,1679254969,2023-03-19T12:00:00,37.619,-122.3824,89.9,0.995,31.7,5.5,31,100,3.1
444,1679254967,2023-03-19T15:00:00,45.3102,-75.6777,45.1,0,40.7,27.7,270,25,24
445,1679254970,2023-03-19T17:00:00,47.6245,-52.7393,100,0,68.4,48.2,270,100,3
446,1679258823,2023-03-20T06:00:00,-27.122,153.1373,89.9,0.1,,11.1,231,50,8.7
447,1679258824,2023-03-20T09:00:00,-36.8725,175.0703,93.8,0,,1.8,170,0.5,10
448,1679258822,2023-03-20T06:00:00,-23.417,154.0302,79.21,0,40,36,99.1,43,24.1
449,1679258823,2023-03-20T04:00:00,24.2478,120.2486,93.9,0.1,,5.4,10,88,6
450,1679258823,2023-03-19T16:00:00,49.3005,-86.4068,67.5,0,,7.6,250,63,
451,1679258821,2023-03-20T04:00:00,31.9572,125.5642,78.56,0,10.1,9.7,62.3,100,24.1
452,1679258824,2023-03-19T16:00:00,46.3717,-75.8901,42.1,0,27.7,16.6,250,80,
453,1679258821,2023-03-19T16:00:00,49.6591,-74.6041,57.7,0,35.3,22.3,250,100,14
454,1679258821,2023-03-19T14:00:00,59.7788,-106.1784,55.7,0,,13,90,0,14
455,1679258822,2023-03-19T16:00:00,43.8432,-79.4132,55.9,0,46.6,33.7,265,85,
456,1679258822,2023-03-19T14:00:00,56.1487,-110.1341,74.21,0,15.8,10.1,110,57,16.2
457,1679258823,2023-03-19T16:00:00,45.7076,-73.1285,47.2,0,39.7,22,241,78,
458,1679258821,2023-03-19T16:00:00,51.8508,-67.0205,81.02,0.3,23,14.4,0,84,2.6
459,1679258822,2023-03-19T14:00:00,57.0129,-108.401,84.36,0,11.5,9.7,110.8,100,15.7
460,1679258817,2023-03-19T14:00:00,67.0306,-92.0464,78.61,0,13,6.8,317.1,78.2,5
461,1679258823,2023-03-19T15:00:00,21.3025,-87.1109,83.54,1.5,13.7,7.9,357.4,65.3,5.4
462,1679258824,2023-03-19T16:00:00,40.6819,-74.1844,25.6,0,42.3,28.8,290,50,16
463,1679258823,2023-03-19T13:00:00,49.1627,-122.8321,42.3,0,,2.3,258,81,
464,1679258825,2023-03-19T10:00:00,33.0584,-149.9507,61.05,0,42.8,41,338,100,24.1
465,1679258825,2023-03-19T17:00:00,59.9936,-40.1058,80.03,0,61.9,56.5,45.8,95.9,24.1
466,1679258822,2023-03-19T15:00:00,44.012,-89.9294,30.1,0,37.4,24.2,230,0,16
467,1679258824,2023-03-19T16:00:00,46.0648,-74.682,36.4,0,51.8,9.9,269,50,72
468,1679258823,2023-03-19T14:00:00,28.1052,-109.0262,55.45,0,24.5,20.2,210,45,16.2
469,1679258824,2023-03-19T14:00:00,28.6485,-93.1532,53.4,0,43.2,38.9,10,30,16.2
470,1679258824,2023-03-19T14:00:00,51.4681,-113.2647,56.9,0,,6.6,258,11,
471,1679258824,2023-03-19T14:00:00,39.1081,-107.9263,27,0,,9.6,348,46.5,16
472,1679258824,2023-03-19T15:00:00,47.2967,-94.7717,33.4,0,25.9,16.5,231,0,16
473,1679258824,2023-03-19T14:00:00,50.0583,-101.6147,65.3,0,,11.2,10,57,
474,1679258824,2023-03-19T16:00:00,33.6393,-84.4215,32.3,0,42.5,27.7,310,49.7,16
475,1679258823,2023-03-19T16:00:00,45.4604,-81.8591,60.8,0,38.9,25.9,246,0,14
476,1679258821,2023-03-19T15:00:00,29.1635,-74.744,90.67,0.5,40.3,25.9,250,72,16.2
477,1679258824,2023-03-19T15:00:00,32.9686,-77.8667,59.95,0,28.8,25.9,360,7,16.2
478,1679258824,2023-03-19T15:00:00,29.6996,-79.0116,64.62,0,36,31.7,340,89,16.2
479,1679258823,2023-03-19T16:00:00,32.4106,-83.9049,26.4,0,31.3,22.7,284,0,16
480,1679258817,2023-03-19T18:00:00,57.7686,-26.504,98.65,0.3,43.6,32.8,118.9,100,5.7
481,1679258823,2023-03-19T16:00:00,46.3655,-83.5613,47.4,0,38.9,18.5,257,0,16
482,1679258822,2023-03-19T16:00:00,35.8074,-80.5334,27.1,0,29.9,11.6,303,0,16
483,1679258823,2023-03-19T15:00:00,49.4793,-96.0853,46.8,0,,11.7,265,0,16
484,1679258823,2023-03-19T13:00:00,34.2898,-118.9256,57.1,0,,12.7,59,100,15.6
485,1679258817,2023-03-19T15:00:00,33.6187,-73.5247,73.16,0,23,21.6,360,98,16.2
486,1679258823,2023-03-19T16:00:00,47.9841,-87.6174,35,0,48.2,24.1,310,54,
487,1679258823,2023-03-19T16:00:00,49.0163,-85.8409,67.5,0,,7.6,250,67,
488,1679258822,2023-03-19T17:00:00,-23.4462,-46.5145,74.9,0.3,,15,149,27.3,10
489,1679258823,2023-03-19T15:00:00,32.2692,-92.7328,29,0,26.5,15.7,1,0,16
490,1679258823,2023-03-19T16:00:00,46.0697,-80.3804,50.2,0,33.5,16.6,250,88,32
491,1679258823,2023-03-19T16:00:00,39.8045,-78.3151,33.7,0,41.2,28.9,301,63.3,16
492,1679258822,2023-03-19T15:00:00,33.1189,-78.0952,56.5,0,24.5,23,360,4,16.2
493,1679258824,2023-03-19T15:00:00,36.8874,-92.5807,27.8,0,,12.7,319,0,16
494,1679258822,2023-03-20T01:00:00,38.5421,68.8483,87.3,0.6,,10.8,60,25.5,10
495,1679258821,2023-03-19T15:00:00,32.2649,-71.4623,90.48,1.8,27.4,20.2,290,85,16.2
496,1679258817,2023-03-19T16:00:00,26.0294,-64.7121,61.52,0,19.1,18,148.3,58.9,24.1
497,1679258825,2023-03-19T16:00:00,25.2126,-64.2558,60.44,0,22.3,20.9,128.2,14.6,24.1
498,1679258821,2023-03-19T16:00:00,55.1045,-85.2727,60.1,0,29.4,20.3,351,25,14
499,1679258821,2023-03-19T16:00:00,24.2424,-66.642,61.77,0.1,24.5,22.7,133.8,99.7,24.1
500,1679258823,2023-03-19T15:00:00,27.5368,-78.6007,84.13,0,33.1,30.2,360,94,11.1
501,1679258823,2023-03-19T14:00:00,49.6,-103.63,82.2,0,,18.1,327,0,12.2
502,1679258817,2023-03-19T15:00:00,28.846,-67.664,84.13,0,34.6,25.9,180,30,16.2
503,1679258822,2023-03-19T16:00:00,43.535,-79.4256,57.2,0,48.3,38.2,269,100,14
504,1679258822,2023-03-19T16:00:00,44.9669,-76.2737,39,0,33.5,18.5,269,25,24
505,1679258823,2023-03-19T16:00:00,49.9753,-79.8809,56.4,0,28.8,18.7,280,57,16.2
506,1679258819,2023-03-19T16:00:00,45.3205,-75.6697,45.4,0,35.3,22.3,260,25,24
507,1679258821,2023-03-19T17:00:00,47.137,-64.5448,45.9,0,36.8,23.5,246,22,
508,1679258823,2023-03-19T13:00:00,31.9322,-110.9223,24.3,0,35.3,24.5,120,32.4,16
509,1679258822,2023-03-19T14:00:00,49.5733,-107.8414,71.3,0,,7.5,243,39,
510,1679258824,2023-03-19T16:00:00,46.03,-78.7082,35.4,0,38.9,16.8,260,88,48
511,1679258825,2023-03-19T11:00:00,50.723,-137.8226,63.63,0,14.4,14,151.1,5,24.1
512,1679258823,2023-03-19T14:00:00,50.3134,-101.9935,65.3,0,,11.2,10,57,
513,1679258822,2023-03-19T14:00:00,36.2174,-107.5706,46.09,0,25.9,24.1,160,56,16.2
514,1679258824,2023-03-19T16:00:00,33.0958,-82.4021,21.4,0,31.7,13.8,305,0,16
515,1679258824,2023-03-19T13:00:00,42.2807,-120.8627,86.8,0.23,38.9,6,32,100,16
516,1679258823,2023-03-19T15:00:00,38.987,-89.5428,37,0,,7.8,250,0,16
517,1679258824,2023-03-19T14:00:00,24.5761,-98.3652,70.23,0,34.6,23,340,89,16.2
518,1679258821,2023-03-19T15:00:00,35.4057,-88.7353,38.5,0,25.2,10.8,7,35.3,16
519,1679258823,2023-03-19T16:00:00,45.4597,-73.7452,40.4,0,39.8,18.8,242,63,
520,1679258823,2023-03-19T15:00:00,32.5373,-93.1817,27,0,28.9,17.2,341,12.5,16
521,1679258822,2023-03-19T16:00:00,40.7761,-73.8767,26.4,0,40.2,22,299,50.6,16
522,1679258824,2023-03-19T14:00:00,44.3926,-117.1489,39.6,0,,8.8,120,0,16
523,1679258823,2023-03-19T16:00:00,47.6198,-87.5556,35,0,48.2,24.1,310,36,
524,1679258822,2023-03-19T16:00:00,44.5041,-77.6538,44.3,0,48.3,25.4,270,28.5,19.7
525,1679258822,2023-03-19T16:00:00,32.3576,-81.2179,20.2,0,32.8,17.1,299,51.2,16
526,1679258821,2023-03-19T13:00:00,38.8741,-115.9584,41.29,0,50,35.3,190,80,16.2
527,1679258823,2023-03-19T16:00:00,47.4459,-84.9176,66.7,0,35.3,31.1,252,100,24
528,1679258822,2023-03-19T16:00:00,47.0143,-58.4776,69.76,0,60.5,41.8,263.7,0,24.1
529,1679258822,2023-03-19T16:00:00,43.828,-77.8789,56.9,0,51.1,33.5,267,27.7,19.5
530,1679258823,2023-03-19T15:00:00,23.236,-71.5671,62.92,0,23,20.2,140,47,16.2
531,1679258821,2023-03-19T16:00:00,45.9797,-68.7378,43.4,0,43.6,19.1,260,50,16
532,1679258821,2023-03-19T16:00:00,44.3008,-78.1977,40.5,0,45.3,22.2,268,0,14
533,1679258823,2023-03-19T16:00:00,42.0187,-74.0921,39.4,0,40.5,24.1,290,100,16
534,1679258822,2023-03-19T14:00:00,42.9503,-109.3098,59.2,0,,4.2,24,0,16
535,1679258824,2023-03-19T13:00:00,36.751,-120.9073,68.8,0,28.2,22.2,175,94.1,16
536,1679258823,2023-03-19T16:00:00,42.1523,-73.8141,42.8,0,49.9,28.7,286,97.4,16
537,1679258824,2023-03-19T17:00:00,46.1068,-67.5525,33,0,55,29.7,261,52.4,16
538,1679258821,2023-03-19T16:00:00,44.035,-73.4454,40.2,0,31.4,19.1,275,70.5,15.7
539,1679258823,2023-03-19T13:00:00,50.9908,-127.6308,64.9,0,,18,138,100,32
540,1679258824,2023-03-19T16:00:00,40.7339,-77.9388,40.2,0,40.9,26,289,88.9,16
541,1679258823,2023-03-19T13:00:00,36.1012,-115.0891,29.4,0,33.5,14.6,220,88.7,16
542,1679258821,2023-03-19T14:00:00,25.9154,-89.423,79.47,0.5,51.8,47.5,10,94,9.6
543,1679258823,2023-03-19T13:00:00,50.6465,-126.9997,70.4,0,,8.5,84,100,32
544,1679258824,2023-03-19T13:00:00,46.711,-122.0244,55.6,0,,0,0,66.4,16
545,1679258822,2023-03-19T13:00:00,52.0052,-124.8912,41.5,0,,14.8,100,70,
546,1679258822,2023-03-19T16:00:00,41.4237,-80.6227,48.3,0,42.8,28.8,259,91.2,16
547,1679258823,2023-03-19T16:00:00,40.6279,-77.4379,38.1,0,38.7,23.2,299,84.5,16
548,1679258824,2023-03-19T13:00:00,33.9401,-118.4019,79.8,0,,16.3,260,100,16
549,1679258823,2023-03-19T13:00:00,51.1969,-123.0566,65.59,0,15.8,14.4,210,59,16.2
550,1679258822,2023-03-19T13:00:00,51.24,-122.612,48.4,0,31.7,22.3,110,0,14
551,1679258823,2023-03-19T14:00:00,52.7757,-108.6364,67.7,0,,17.1,139,0,14
552,1679258824,2023-03-19T16:00:00,45.6346,-68.473,45.9,0,41.3,17.1,260,50,16
553,1679258823,2023-03-19T13:00:00,50.7124,-124.9009,64.69,0,17.3,11.5,20,84,16.2
554,1679258823,2023-03-19T16:00:00,42.7029,-80.9818,44.9,0,34.8,21.9,257,25,24
555,1679258824,2023-03-19T16:00:00,42.6453,-71.2581,30.6,0,51.2,31.7,273,70.3,16
556,1679258815,2023-03-19T16:00:00,43.6801,-79.6148,68.2,0,42.5,27.7,270,88,24
557,1679258821,2023-03-19T16:00:00,42.8961,-81.7217,40,0,35.8,23.2,265,12.3,18.9
558,1679258818,2023-03-19T16:00:00,41.8503,-73.3364,32.7,0,40.6,23.7,278,90.5,16
559,1679258822,2023-03-19T14:00:00,50.7087,-116.7266,38.5,0,,13,150,25,32
560,1679258823,2023-03-19T13:00:00,50.0878,-121.4576,40.5,0,,6.4,352,25,14
561,1679258824,2023-03-19T13:00:00,49.2472,-120.9188,43.1,0,,7.2,48,0,14
562,1679258824,2023-03-19T13:00:00,48.157,-122.7693,52.5,0,,13,326,0,16
563,1679258823,2023-03-19T16:00:00,44.4433,-77.4487,47.1,0,50.2,30.7,270,50,24
564,1679258822,2023-03-19T13:00:00,48.9178,-122.4339,46,0,,5.6,349,0,16
565,1679258793,2023-03-19T16:00:00,43.6811,-79.6154,68.2,0,42.5,27.8,270,88,24
566,1679258824,2023-03-19T16:00:00,43.7331,-80.9463,59.2,0,37.9,27.3,261,25,14
567,1679258824,2023-03-19T16:00:00,44.9987,-81.512,63.9,0,40.8,26.3,240,88,24
568,1679258823,2023-03-19T15:00:00,45.3322,-92.0782,52.8,0,35.2,24.6,217,0,16
569,1679258821,2023-03-19T16:00:00,43.5977,-79.1398,56.6,0,49.9,38.7,266,100,14.2
570,1679258824,2023-03-19T16:00:00,42.0044,-81.4558,53.2,0,39.4,27.7,274,80.9,16
571,1679258823,2023-03-19T14:00:00,52.5356,-115.4732,31.6,0,,8.1,161,5,
572,1679258821,2023-03-19T16:00:00,40.602,-76.7808,35.8,0,38.6,24,303,82.6,16
573,1679258823,2023-03-19T13:00:00,38.4556,-122.0156,92.9,0.411,,13,162,98.2,3.3
574,1679258822,2023-03-19T16:00:00,40.6337,-74.2477,26.4,0,41.2,24.4,290,50,16
575,1679258817,2023-03-19T14:00:00,23.8256,-87.0999,86.29,0.3,61.9,53.3,20,97,11.1
576,1679258823,2023-03-19T15:00:00,49.8601,-94.3627,39.5,0,,13.8,299,86.7,31.8
577,1679258823,2023-03-19T16:00:00,46.4727,-80.8128,50.2,0,33.5,16.6,250,88,32
578,1679258823,2023-03-19T13:00:00,20.9835,-105.3193,52.48,0,11.2,11.9,293.9,0,24.1
579,1679258824,2023-03-19T14:00:00,51.1245,-113.5136,47.7,0,,4.3,350,1,
580,1679258824,2023-03-19T16:00:00,40.5844,-82.6216,49.6,0,35.5,21.2,259,60,16
581,1679258823,2023-03-19T16:00:00,43.6703,-79.6253,68.2,0,42.5,27.7,270,88,24
582,1679258822,2023-03-19T13:00:00,32.7988,-117.3165,71.3,0,,12.1,199,95.2,15.2
583,1679258823,2023-03-19T14:00:00,51.2797,-113.8546,51.1,0,,5.5,91,2,
584,1679258824,2023-03-19T13:00:00,37.6285,-122.3929,89,0.78,31.7,7.8,44,100,3.2
585,1679258824,2023-03-19T13:00:00,49.5425,-122.8442,42.3,0,,3.5,247,82,
586,1679258798,2023-03-19T16:00:00,43.6801,-79.6131,68.2,0,42.5,27.7,270,88,24
587,1679258824,2023-03-19T17:00:00,45.0806,-65.0601,53.4,0,56.5,33.5,248,88,24
588,1679258823,2023-03-19T15:00:00,41.9949,-88.0334,32.8,0,44,23.7,251,14.2,16
589,1679258824,2023-03-19T16:00:00,43.6386,-79.7234,53.1,0,40.4,25.8,263,82,
590,1679258823,2023-03-19T14:00:00,51.1019,-114.018,38.2,0,,11.2,80,0,16
591,1679258805,2023-03-19T16:00:00,25.792,-80.2731,71,0,,14.9,50,100,16
592,1679258811,2023-03-19T16:00:00,43.6808,-79.6224,68,0,42.5,27.8,270,88,24
593,1679258785,2023-03-19T16:00:00,43.675,-79.6156,68.3,0,42.5,27.7,270,88,24
594,1679258824,2023-03-19T16:00:00,33.6417,-84.4224,32.3,0,42.5,27.7,310,49.8,16
595,1679258823,2023-03-19T16:00:00,12.0021,-61.7584,66,0.1,,42.5,100,25,10
596,1679258821,2023-03-19T16:00:00,45.4588,-73.7474,40.5,0,39.8,19,242,63,
597,1679258823,2023-03-19T16:00:00,45.4578,-73.7459,40.5,0,39.8,18.9,242,63,
598,1679258807,2023-03-19T14:00:00,17.6055,-101.4638,75.21,0,13.7,14,240.7,0,24.1
599,1679258822,2023-03-19T13:00:00,49.1938,-123.1848,45.7,0,,1.8,235,90,
600,1679258823,2023-03-19T13:00:00,49.1971,-123.1849,45.8,0,,1.8,234,90,
601,1679258785,2023-03-19T16:00:00,43.6771,-79.61,68.4,0,42.5,27.7,270,88,24
602,1679258823,2023-03-19T16:00:00,45.4593,-73.7495,40.5,0,39.9,19.2,243,63,
603,1679258823,2023-03-19T16:00:00,42.2104,-83.365,37.9,0,44.3,27.6,277,22.8,16
604,1679262929,2023-03-20T08:00:00,-31.5357,150.7601,88.1,0,,13,230,0,10
605,1679262929,2023-03-20T05:00:00,22.3075,113.9274,88.3,0,,18.3,82.3,50.1,10
606,1679262863,2023-03-19T17:00:00,43.6766,-79.6138,50.7,0,50,37,270,88,24
607,1679262922,2023-03-19T17:00:00,43.6898,-79.6355,50.7,0,49.8,36.8,270,88,24
608,1679262926,2023-03-19T16:00:00,52.9736,-92.9428,52.3,0,,20.5,350,88,14
609,1679262928,2023-03-19T17:00:00,46.0534,-76.9458,32,0,29.5,18.1,289,58,
610,1679262926,2023-03-19T15:00:00,61.412,-108.9099,72.42,0,14.8,13,132.2,100,24.1
611,1679262928,2023-03-19T11:00:00,22.8503,-155.6307,78.32,0,31.3,25.2,170.7,99.1,24.1
612,1679262923,2023-03-19T11:00:00,24.1894,-156.7781,79.69,0.2,13,11.2,204.3,100,24.1
613,1679262922,2023-03-19T11:00:00,27.2984,-154.2275,88.58,2.1,53.3,51.5,28.2,100,9.4
614,1679262930,2023-03-19T17:00:00,57.7076,-57.0019,83.26,0,50.4,48.6,31.5,100,12.4
615,1679262929,2023-03-19T16:00:00,41.7037,-100.1018,16.8,0,54.8,35.7,216,0,16
616,1679262929,2023-03-19T15:00:00,20.678,-105.254,39.37,0,14.8,16.6,254.2,0.4,23
617,1679262929,2023-03-19T15:00:00,21.7076,-87.5243,87.45,0.6,52.9,49,8.8,63.2,22.5
618,1679262926,2023-03-19T14:00:00,34.9958,-115.7427,34.7,0,29.5,20.5,160,87,16.2
619,1679262928,2023-03-19T15:00:00,49.08,-106.4353,60.2,0,,21.2,346,46,
620,1679262929,2023-03-19T15:00:00,49.9069,-113.9467,45.2,0,,11.5,100,5,
621,1679262927,2023-03-19T17:00:00,36.2506,-78.0069,32,0,,14.3,304,0,16
622,1679262929,2023-03-19T17:00:00,41.7044,-78.5605,48.4,0,40.7,27.9,280,86.4,16
623,1679262927,2023-03-19T17:00:00,26.8134,-80.3613,66.9,0,,28.6,3,87.5,16
624,1679262926,2023-03-19T18:00:00,57.7564,-43.63,97.19,0,65.2,52.2,53.8,100,0.3
625,1679262929,2023-03-19T17:00:00,43.7253,-79.5242,50.8,0,49.6,36.7,270,88,24
626,1679262928,2023-03-19T15:00:00,51.195,-109.2462,71.7,0,,3.8,0,25,24
627,1679262928,2023-03-19T17:00:00,41.2541,-78.1143,44.2,0,44.9,29.7,267,91.4,16
628,1679262927,2023-03-19T17:00:00,45.73,-74.0945,41.5,0,48.2,19.3,252,80,
629,1679262927,2023-03-19T17:00:00,45.6503,-73.8876,42.6,0,43.2,22.2,246,72,
630,1679262928,2023-03-19T17:00:00,39.8898,-84.3311,36.3,0,33.5,24.4,251,22.8,16
631,1679262928,2023-03-19T17:00:00,42.504,-78.6982,55.6,0,54.8,34.9,257,73.5,14.8
632,1679262928,2023-03-19T16:00:00,30.2872,-97.3708,28.1,0,,2.5,348,16,15.1
633,1679262927,2023-03-20T02:00:00,39.8936,57.9604,27.88,0,29.2,18,50.9,0,24.1
634,1679262929,2023-03-19T17:00:00,41.465,-72.8461,28.7,0,55.5,30.2,291,88,16
635,1679262922,2023-03-19T16:00:00,32.6605,-69.838,90.52,0.3,59,38.9,230,83,16.2
636,1679262930,2023-03-19T16:00:00,31.6173,-68.3944,84.07,0,61.9,41.8,210,71,16.2
637,1679262929,2023-03-19T16:00:00,61.4175,-97.6831,73.77,0,18.7,13.7,345.1,5,24.1
638,1679262924,2023-03-19T16:00:00,31.8971,-69.1427,84.07,0,67.7,44.6,210,87,16.2
639,1679262927,2023-03-19T17:00:00,36.7702,-76.6312,30.1,0,,7.4,290,30.9,16
640,1679262927,2023-03-19T17:00:00,48.0304,-88.6612,40.4,0,28.5,18.8,242,88,32
641,1679262926,2023-03-19T16:00:00,35.8751,-71.5877,74.61,0,40.3,37.4,340,89,16.2
642,1679262926,2023-03-19T16:00:00,52.1972,-92.379,64.3,0,27.4,17.3,350,74,16.2
643,1679262929,2023-03-19T17:00:00,45.4675,-73.7286,41.5,0,44.5,18.3,237,66,
644,1679262926,2023-03-19T15:00:00,39.7783,-111.7925,29.4,0,,36,8,14.8,16
645,1679262928,2023-03-19T16:00:00,48.7897,-92.998,38.5,0,30.8,20.2,300,0,16
646,1679262928,2023-03-19T17:00:00,49.6536,-88.7795,50.9,0,,11.4,328,100,14
647,1679262930,2023-03-19T11:00:00,50.6646,-152.1109,66.48,0,15.1,15.8,352.8,5,24.1
648,1679262927,2023-03-19T17:00:00,47.8494,-88.0532,32.4,0,46.4,13,310,37,
649,1679262928,2023-03-19T16:00:00,39.1469,-96.5427,20.7,0,40.6,25.7,196,0,16
650,1679262927,2023-03-19T17:00:00,42.7798,-76.5185,45.3,0,46.1,33.7,262,91.2,16
651,1679262929,2023-03-19T14:00:00,34.227,-117.186,57.3,0,,36,7,96.8,13.7
652,1679262929,2023-03-19T17:00:00,44.1187,-77.8991,52,0,42.6,27.3,275,72.7,18
653,1679262928,2023-03-19T16:00:00,32.58,-91.2355,34.7,0,41.4,16.3,340,0,16
654,1679262928,2023-03-19T17:00:00,43.3667,-85.8776,45,0,44.7,31,250,0,16
655,1679262929,2023-03-19T17:00:00,41.6342,-78.7911,49.3,0,41.1,28.3,278,89.8,15.8
656,1679262927,2023-03-19T17:00:00,40.3017,-85.7579,51.1,0,33.5,23.6,281,0,16
657,1679262927,2023-03-19T14:00:00,36.5414,-119.4967,69.7,0,,16.6,110,100,15.5
658,1679262929,2023-03-19T16:00:00,49.8158,-97.2603,63.8,0,40.7,19.2,5,0,24
659,1679262928,2023-03-19T17:00:00,42.2366,-79.3559,59.6,0,44.9,28.7,275,82.9,14.3
660,1679262926,2023-03-19T15:00:00,41.2709,-104.1976,11.8,0,39.5,27.9,285,0,16
661,1679262927,2023-03-19T16:00:00,49.5943,-95.9943,44.5,0,,11.3,245,25,
662,1679262922,2023-03-19T16:00:00,30.365,-73.29,92.89,0.5,44.6,30.2,230,80,12.8
663,1679262928,2023-03-19T17:00:00,45.4593,-73.743,41.5,0,44.9,19.8,242,66,
664,1679262929,2023-03-19T17:00:00,35.1942,-76.7247,26.9,0,,14.1,337,0,16
665,1679262928,2023-03-19T14:00:00,47.5352,-118.7497,34.5,0,,29.5,90,0,16
666,1679262926,2023-03-19T14:00:00,45.0451,-121.899,55.1,0.144,,14.8,120,100,15
667,1679262927,2023-03-19T17:00:00,35.5863,-77.0218,34,0,,12,355,14.8,16
668,1679262927,2023-03-19T15:00:00,39.6288,-102.8975,8.8,0,48.3,26.6,230,0,16
669,1679262927,2023-03-19T16:00:00,35.7031,-90.6206,39.1,0,,12.6,277,0,16
670,1679262929,2023-03-19T14:00:00,38.6034,-118.0922,53.5,0,,36,10,0,14
671,1679262928,2023-03-19T17:00:00,45.4552,-73.756,41.4,0,45.2,21,246,66,
672,1679262929,2023-03-19T14:00:00,36.2529,-114.8512,30.2,0,,36,6,66.6,16
673,1679262928,2023-03-19T16:00:00,49.7323,-94.897,46.9,0,,11.8,288,14.5,20.6
674,1679262850,2023-03-19T17:00:00,43.6801,-79.6148,50.7,0,49.9,37,270,88,24
675,1679262927,2023-03-19T15:00:00,49.5997,-106.3871,61.4,0,,17,343,55,
676,1679262926,2023-03-19T14:00:00,39.9334,-121.6758,89.4,0.164,,33.5,150,100,3
677,1679262929,2023-03-19T15:00:00,44.3737,-111.5284,43.1,0,,13,200,0,16
678,1679262928,2023-03-19T17:00:00,43.8382,-78.2358,57.9,0,37.6,24.6,278,92.9,14
679,1679262928,2023-03-19T16:00:00,42.7383,-92.2757,32.3,0,42.3,29,218,0,16
680,1679262928,2023-03-19T17:00:00,42.4087,-76.6021,44.5,0,41.8,28.4,271,80.8,16
681,1679262927,2023-03-19T17:00:00,46.326,-78.8195,44.3,0,38.9,14.1,250,100,48
682,1679262928,2023-03-19T14:00:00,46.7965,-116.9854,23.3,0,,20.5,120,0,16
683,1679262929,2023-03-19T17:00:00,43.8729,-79.196,52.4,0,38.9,33.6,260,82,
684,1679262928,2023-03-19T17:00:00,33.7547,-82.1422,20.7,0,,9.9,335,0,16
685,1679262928,2023-03-19T17:00:00,47.3786,-80.0303,62.8,0,,12.1,285,100,14
686,1679262928,2023-03-19T16:00:00,27.265,-98.264,57.4,0,,11.1,60,100,16
687,1679262928,2023-03-19T16:00:00,50.0652,-99.5799,73.6,0,,24.7,33,25,24
688,1679262927,2023-03-19T17:00:00,40.6436,-85.6117,51.9,0,33.4,22.5,285,0,16
689,1679262928,2023-03-19T14:00:00,38.5064,-121.2857,99,0.284,,36,6,100,3.7
690,1679262928,2023-03-19T15:00:00,56.653,-111.455,59,0,,16.5,139.9,0,14
691,1679262927,2023-03-19T14:00:00,45.4778,-122.2033,44.2,0,,9.4,230,100,16
692,1679262927,2023-03-19T17:00:00,43.9694,-80.9558,58.5,0,30.2,18.6,250,42,
693,1679262928,2023-03-19T17:00:00,45.3606,-75.5275,40.6,0,29.5,19.6,285,24.3,23.8
694,1679262927,2023-03-19T16:00:00,44.7055,-97.4485,65.5,0,,24.8,187,0,16
695,1679262928,2023-03-19T17:00:00,40.6808,-74.187,26.7,0,36.3,27.1,308,51.1,16
696,1679262876,2023-03-19T17:00:00,25.7922,-80.2723,73.3,0,25.9,16.6,340,99.9,16
697,1679262927,2023-03-19T17:00:00,40.7756,-73.8773,25.5,0,45.7,28.8,280,26.9,16
698,1679262929,2023-03-19T17:00:00,36.621,-80.7022,38.2,0,35.5,23.7,332,0,16
699,1679262929,2023-03-19T17:00:00,40.8797,-79.0007,47.8,0,43.8,32.1,272,88.7,16
700,1679262927,2023-03-19T17:00:00,18.7894,-65.3192,67.3,0,,36,5,50,14.6
701,1679262927,2023-03-19T15:00:00,21.2803,-100.0523,81.32,0,10.8,15.1,30.4,96.7,9.3
702,1679262927,2023-03-19T15:00:00,49.8164,-114.2035,37.1,0,,14.8,130,7,
703,1679262927,2023-03-19T15:00:00,53.1809,-114.9261,33.2,0,,7.5,50,16,
704,1679262928,2023-03-19T17:00:00,38.1315,-80.3586,31.9,0,27.7,19.4,307,2.5,16
705,1679262854,2023-03-19T17:00:00,45.4593,-73.7495,41.5,0,45.1,20.3,244,66,
706,1679262927,2023-03-19T17:00:00,45.5785,-73.7726,42.3,0,43.4,19.7,238,69,
707,1679262929,2023-03-19T14:00:00,37.1884,-121.1472,74,0,,36,5,100,16
708,1679262928,2023-03-19T15:00:00,37.8147,-113.3296,68.8,0,,36,10,95.3,16
709,1679262929,2023-03-19T17:00:00,39.31,-76.4549,30.3,0,44.5,33.3,290,24.8,16
710,1679262928,2023-03-19T14:00:00,45.9096,-122.5109,50.9,0,,14.8,130,100,16
711,1679262927,2023-03-19T14:00:00,49.1089,-123.3163,62.3,0,,3,340,91,
712,1679262928,2023-03-19T14:00:00,44.9566,-121.502,39.8,0,,14.8,160,88,16
713,1679262928,2023-03-19T14:00:00,53.3932,-126.4717,68.38,0,18.7,13,100,70,16.2
714,1679262930,2023-03-19T15:00:00,14.9985,-84.1608,62.62,0,14.8,7.9,55.5,87.6,24.1
715,1679262927,2023-03-19T19:00:00,47.9577,-59.2101,80.2,0,55.4,19.3,223,25,24
716,1679262928,2023-03-19T17:00:00,43.3983,-85.533,44.6,0,47.2,32.6,250,0,16
717,1679262926,2023-03-19T15:00:00,24.1727,-89.8244,77.89,0,61.9,56.2,20,95,16.2
718,1679262928,2023-03-19T17:00:00,35.1231,-80.6611,24.5,0,,10.3,14,3.3,16
719,1679262928,2023-03-19T17:00:00,43.8977,-75.9727,52.1,0,41.1,27.7,262,88.3,15.7
720,1679262926,2023-03-19T12:00:00,49.9482,-129.5695,92.04,0.8,10.1,8.6,130,86,9.6
721,1679262928,2023-03-19T17:00:00,42.4323,-83.9289,42.8,0,41.8,29.9,250,0,16
722,1679262929,2023-03-19T17:00:00,40.6717,-79.8057,43.7,0,35.2,24.7,272,93.4,16
723,1679262929,2023-03-19T17:00:00,42.7664,-78.7087,55.6,0,57.2,37.6,253,86.6,14.5
724,1679262927,2023-03-19T17:00:00,41.589,-83.0908,43.1,0,37.1,28.2,268,0,16
725,1679262928,2023-03-19T22:00:00,52.2463,4.504,94.8,0,,9,254.6,91.3,10
726,1679262927,2023-03-19T17:00:00,44.6225,-77.4231,39.9,0,42.3,28.7,280,50,24
727,1679262928,2023-03-19T17:00:00,42.9929,-83.6634,42,0,46.1,31.1,270,0.8,16
728,1679262928,2023-03-19T14:00:00,49.5934,-119.3662,40.4,0,,8.6,140,66.6,21.6
729,1679262924,2023-03-19T17:00:00,43.666,-78.9678,51.7,0,46.5,33.1,266,100,16
730,1679262929,2023-03-19T17:00:00,28.0974,-80.8077,57.2,0,,23.9,343,76.4,16
731,1679262928,2023-03-19T17:00:00,45.0672,-81.9009,59.5,0,35.4,21.7,223,50,24
732,1679262926,2023-03-19T17:00:00,41.7908,-78.7418,48.7,0,40.8,27.8,280,88.2,16
733,1679262929,2023-03-19T17:00:00,42.941,-72.0817,44.3,0,40.2,24.5,275,100,16
734,1679262929,2023-03-19T17:00:00,44.2578,-83.19,35.4,0,47.7,34.8,245,0,16
735,1679262925,2023-03-19T17:00:00,41.6145,-79.9443,56.7,0,48.2,17.7,266,56.9,15.3
736,1679262928,2023-03-19T17:00:00,45.4556,-73.7563,41.4,0,45.3,21,246,66,
737,1679262929,2023-03-19T17:00:00,42.3803,-73.3294,44.1,0,62.8,37,290,88.3,16
738,1679262927,2023-03-19T15:00:00,50.6909,-116.2832,22,0,,5.4,70,14,
739,1679262927,2023-03-19T17:00:00,41.4022,-74.9048,37.2,0,36,17.4,285,93.7,16
740,1679262927,2023-03-19T16:00:00,29.9978,-95.3638,29.3,0,33.3,20.2,359,24,16
741,1679262929,2023-03-19T17:00:00,45.3166,-73.8849,41.1,0,43.8,25.2,267,57,
742,1679262929,2023-03-19T17:00:00,26.5157,-80.2419,66.6,0,,26.2,5,77.3,16
743,1679262927,2023-03-19T17:00:00,45.6079,-77.7166,37.5,0,31,15.5,284,62,
744,1679262924,2023-03-19T17:00:00,43.4707,-79.2244,51.5,0,47.5,35.8,263,100,16
745,1679262929,2023-03-19T14:00:00,49.1894,-123.1827,46.4,0,,0.6,320,92,
746,1679262929,2023-03-19T17:00:00,43.6707,-79.6681,50.7,0,49.6,36.7,270,88,24
747,1679262926,2023-03-19T17:00:00,40.6972,-74.1672,26.6,0,40,27.7,310,50,16
748,1679262927,2023-03-19T17:00:00,40.6863,-80.2523,42.6,0,33.7,20.6,261,71.1,16
749,1679262929,2023-03-19T15:00:00,21.8325,-86.9342,77.04,1,28.1,27,0.5,53.8,15.2
750,1679262928,2023-03-19T17:00:00,33.7699,-84.5807,30.4,0,37,25,296,3.5,16
751,1679262929,2023-03-19T14:00:00,49.1958,-123.187,46.6,0,,0.6,320,92,
752,1679262905,2023-03-19T17:00:00,43.6767,-79.6177,50.7,0,50,37,270,88,24
753,1679262929,2023-03-19T17:00:00,42.3828,-82.9235,29.8,0,39.6,23.7,242,2.3,16
754,1679262926,2023-03-19T17:00:00,45.9717,-80.6733,63.3,0,38.9,24.1,220,100,24
755,1679262929,2023-03-19T18:00:00,44.9639,-64.358,51.6,0,49.2,29.8,242,88,24
756,1679262928,2023-03-19T17:00:00,40.7756,-73.8669,25.6,0,45.3,28.5,281,27.7,16
757,1679262929,2023-03-19T17:00:00,45.4592,-73.7605,41.4,0,45.4,21.3,247,66,
758,1679262928,2023-03-19T17:00:00,45.4565,-73.7554,41.4,0,45.2,20.9,246,66,
759,1679262929,2023-03-19T19:00:00,49.1105,-57.6965,80.1,0,44,22.9,232,88,24
760,1679272103,2023-03-19T20:00:00,44.049,-79.3263,52.5,0,38.9,18.1,235,6.8,16.7
761,1679272103,2023-03-19T20:00:00,48.6803,-73.6752,74.4,0,,25.9,270,69,
762,1679272102,2023-03-20T03:00:00,42.0027,33.0292,92.78,0.1,10.8,6.5,298.5,100,24.1
763,1679272102,2023-03-19T17:00:00,66.8086,-140.2839,87.67,0,24.1,7.2,242.5,100,24.1
764,1679272105,2023-03-19T18:00:00,51.1151,-114.0214,37.5,0,,14.8,150,0,16
765,1679272106,2023-03-19T12:00:00,43.5526,-178.5699,83.76,0,78.5,54,210.2,100,24.1
766,1679272103,2023-03-19T18:00:00,38.7257,-108.1303,24,0,33.5,25,235,0.6,16
767,1679272104,2023-03-19T20:00:00,43.6787,-79.5923,46.9,0,36.2,22.3,240,25,24
768,1679272104,2023-03-19T19:00:00,42.5211,-89.8717,45.9,0,37.1,25.5,230,0,16
769,1679272070,2023-03-19T20:00:00,43.6795,-79.6523,47.1,0,36.2,22.2,240,25,24
770,1679272104,2023-03-19T17:00:00,35.9039,-114.5219,61.6,0,,4.1,40,71.2,16
771,1679272104,2023-03-19T20:00:00,43.2431,-76.7373,53.2,0,43.5,26.7,257,94.1,16
772,1679272104,2023-03-19T18:00:00,40.5877,-103.3675,10.5,0,,9.9,216,0,16
773,1679272103,2023-03-19T17:00:00,48.6932,-122.4467,47.5,0,,9.9,339,61,15.8
774,1679272103,2023-03-19T20:00:00,42.4167,-79.3416,57.6,0,41.1,21.8,229,23,16
775,1679272104,2023-03-19T18:00:00,17.8967,-82.9088,77.28,0.1,19.1,17.6,153.4,100,24.1
776,1679272102,2023-03-19T19:00:00,35.8348,-70.4672,76.21,0,41.8,38.9,340,91,16.2
777,1679272104,2023-03-19T20:00:00,37.3825,-82.6759,42.3,0,,0.5,0,0,16
778,1679272102,2023-03-19T20:00:00,35.4977,-80.5916,35.2,0,,8.9,38,0,16
779,1679272103,2023-03-19T18:00:00,39.975,-108.5473,39.5,0,,24.1,210,25,16
780,1679272103,2023-03-19T20:00:00,43.7877,-79.4308,43.7,0,35.3,18.2,229,22,
781,1679272106,2023-03-19T13:00:00,48.7704,-160.9257,64.05,0,29.2,24.5,305.8,9.9,24.1
782,1679272102,2023-03-19T22:00:00,57.4558,-23.5865,93.48,0,44.3,32.8,121.9,100,24.1
783,1679272105,2023-03-19T18:00:00,49.9925,-109.235,58.8,0,,10.2,20,26,
784,1679272103,2023-03-19T19:00:00,44.1487,-89.1096,34,0,35,23.4,225,0,16
785,1679272103,2023-03-19T19:00:00,48.6552,-96.101,60.7,0,,13.5,301,0,16
786,1679272104,2023-03-19T18:00:00,41.7763,-109.2178,35.1,0,,14.8,180,0,16
787,1679272105,2023-03-19T20:00:00,40.5009,-84.4868,51.4,0,,13.7,259,0,16
788,1679272102,2023-03-19T20:00:00,26.9941,-77.4938,85.82,0.3,33.1,30.2,10,97,11.1
789,1679272105,2023-03-19T20:00:00,43.6791,-79.6128,46.9,0,36.2,22.3,240,25,24
790,1679272103,2023-03-19T20:00:00,44.8617,-81.5819,66.7,0,38.9,18.6,235,50,24
791,1679272104,2023-03-19T18:00:00,50.0911,-103.0327,80.4,0,,9.3,42,80,
792,1679272098,2023-03-19T21:00:00,46.6219,-47.3151,97.88,0,67,43.2,248.4,100,0.1
793,1679272104,2023-03-19T19:00:00,38.8302,-96.7038,19.6,0,35.9,22.3,197,0,16
794,1679272103,2023-03-19T20:00:00,45.0844,-81.4829,68.5,0,38.9,13.3,239,50,24
795,1679272105,2023-03-19T19:00:00,48.5188,-93.0389,42.7,0,,16.5,329,73,16
796,1679272106,2023-03-19T21:00:00,52.7511,-51.0805,99.28,2.8,69.1,47.5,120.6,100,0
797,1679272099,2023-03-19T20:00:00,45.4781,-73.7185,44.8,0,,6,236,33,
798,1679272106,2023-03-20T03:00:00,37.5441,42.9419,97.11,0,15.1,3.2,104.7,88.6,1.7
799,1679272104,2023-03-19T20:00:00,38.9148,-84.5357,40.9,0,,10.5,279,0,16
800,1679272103,2023-03-19T19:00:00,35.4573,-85.4144,45.5,0,,8.9,6,14.6,16
801,1679272103,2023-03-19T19:00:00,49.4855,-99.7953,78.7,0,40.7,21.7,33,16.7,21.3
802,1679272104,2023-03-19T19:00:00,39.7311,-88.777,44,0,,12.8,219,0,16
803,1679272104,2023-03-19T17:00:00,43.3662,-120.8034,70.21,2.8,27.7,18.4,200,91,16.2
804,1679272105,2023-03-19T19:00:00,49.3896,-95.503,58.3,0,,9.7,285,0,16
805,1679272102,2023-03-19T20:00:00,39.8748,-75.2248,32.1,0,,25.7,280,0,16
806,1679272104,2023-03-19T20:00:00,44.0737,-86.4642,50.4,0,31.7,19.7,228,0,16
807,1679272105,2023-03-19T19:00:00,45.0829,-91.1875,50.1,0,29.5,19.5,210,0,16
808,1679272104,2023-03-19T20:00:00,40.7778,-73.877,28.8,0,40.7,25.8,290,0,16
809,1679272103,2023-03-19T20:00:00,46.1147,-76.2456,47,0,,9.4,240,69,
810,1679272104,2023-03-19T19:00:00,42.9829,-96.564,32.6,0,38.9,28.8,190,0,16
811,1679272104,2023-03-19T18:00:00,49.607,-104.5351,76.4,0,,9.7,24,72,
812,1679272102,2023-03-19T20:00:00,43.667,-79.611,46.9,0,36.2,22.3,240,25,24
813,1679272104,2023-03-19T19:00:00,31.9305,-93.0765,32.5,0,,13.5,324,0,16
814,1679272103,2023-03-19T20:00:00,45.6174,-73.4946,45.3,0,,5.2,233,53,
815,1679272104,2023-03-19T20:00:00,45.402,-74.5177,52.3,0,,6.5,238,33,
816,1679272104,2023-03-19T19:00:00,39.1185,-89.0717,47.9,0,,6.7,249,0,16
817,1679272103,2023-03-19T20:00:00,48.4533,-90.6704,41.1,0,,9.4,327,0,16
818,1679272104,2023-03-19T18:00:00,29.1481,-106.0619,75.34,0,23,18.7,150,79,16.2
819,1679272104,2023-03-19T17:00:00,48.4942,-122.4446,61.9,0,,12.9,272,0.8,16
820,1679272104,2023-03-19T18:00:00,50.0059,-110.6099,61.5,0,,9,266,25,10
821,1679272104,2023-03-19T20:00:00,43.1752,-83.0211,41.7,0,35.3,22.1,239,0,16
822,1679272103,2023-03-19T18:00:00,40.0855,-103.379,6.6,0,,0.6,350,0,16
823,1679272103,2023-03-19T20:00:00,35.2125,-80.8057,33.5,0,,9.6,26,0,16
824,1679272028,2023-03-19T18:00:00,51.1314,-114.0166,37.6,0,,14.7,150,0,16
825,1679272104,2023-03-19T18:00:00,51.3802,-111.1255,77.6,0,,5,140,42,
826,1679272105,2023-03-19T18:00:00,50.7066,-116.7365,33.5,0,,14.8,140,50,32
827,1679272105,2023-03-19T20:00:00,48.4368,-82.4543,85.7,0,,3.6,175,100,5
828,1679272104,2023-03-19T20:00:00,43.4438,-80.3793,54.3,0,,14.8,230,0,14
829,1679272105,2023-03-19T18:00:00,51.1497,-114.1647,36.8,0,,15.9,147,0,15.2
830,1679272103,2023-03-19T21:00:00,-17.367,-47.8443,93.34,0.7,10.4,6.8,328.9,100,24.1
831,1679272105,2023-03-19T19:00:00,30.0323,-78.58,65.69,0,33.1,30.2,350,96,16.2
832,1679272103,2023-03-19T17:00:00,39.3759,-118.8896,75.8,0.954,,11.8,214,97.2,15.7
833,1679272102,2023-03-19T20:00:00,41.0411,-74.3909,35,0,,5,307,0,16
834,1679272103,2023-03-20T04:00:00,22.2161,65.7319,70.82,0,15.8,14.8,261.4,100,24.1
835,1679272104,2023-03-19T20:00:00,43.6738,-79.4312,43.1,0,38.8,24,239,0,14
836,1679272104,2023-03-19T20:00:00,46.5326,-68.0098,54.4,0,40.3,27.7,258,45.9,16
837,1679272104,2023-03-19T20:00:00,46.3218,-84.1411,56.4,0,27.7,13.8,227,0,16
838,1679272104,2023-03-19T20:00:00,46.4198,-84.3353,54.7,0,32.1,16.5,219,8.7,17.4
839,1679272104,2023-03-19T20:00:00,42.7529,-82.3181,36.1,0,29.1,17.6,251,0,14.7
840,1679272104,2023-03-19T18:00:00,38.5771,-113.033,79.6,0,38.9,29.5,210,100,16
841,1679272104,2023-03-19T17:00:00,46.2886,-121.2629,31.9,0,,18.8,66,29.9,16
842,1679272106,2023-03-19T18:00:00,26.1751,-88.9864,70.95,0,41.8,38.9,10,88,16.2
843,1679272103,2023-03-19T20:00:00,45.5676,-68.7764,47.6,0,40.7,16.5,280,0,16
844,1679272104,2023-03-19T20:00:00,42.2691,-75.5889,51.7,0,29.3,17.3,289,30.3,16
845,1679272105,2023-03-19T17:00:00,33.7111,-117.1339,73.1,0.095,25.9,12.9,312,100,15.5
846,1679272105,2023-03-19T20:00:00,42.7026,-75.6872,53,0,,23.4,279,65.3,16
847,1679272105,2023-03-19T18:00:00,42.1153,-107.3838,49,0,46.4,31.7,220,0,16
848,1679272104,2023-03-19T20:00:00,45.4615,-73.7389,45.1,0,,6.8,244,30,
849,1679272090,2023-03-19T20:00:00,43.6815,-79.6174,46.9,0,36.2,22.3,240,25,24
850,1679272104,2023-03-20T10:00:00,-24.6473,154.4088,74.57,0,31.7,31,89.3,25.8,24.1
851,1679272103,2023-03-19T18:00:00,50.5325,-115.4878,26.3,0,,8.3,31,26,
852,1679272104,2023-03-19T21:00:00,-21.7871,-47.7316,80.3,0.9,,7.6,284,25,10
853,1679272103,2023-03-19T20:00:00,44.4911,-76.8529,54.6,0,38,19.1,253,77.1,24
854,1679272103,2023-03-19T20:00:00,43.7287,-81.6293,60,0,35.3,24,230,6,
855,1679272101,2023-03-19T20:00:00,42.1407,-73.3927,46.4,0,40.7,18.1,280,57,16
856,1679272103,2023-03-19T20:00:00,42.7524,-79.965,63.5,0,40.7,15,237,25,16
857,1679272104,2023-03-19T20:00:00,44.5139,-73.765,51,0,,9.9,251,28.2,16
858,1679272104,2023-03-19T18:00:00,51.5258,-117.7497,47.8,0,,8.7,172,65.9,24.5
859,1679272103,2023-03-19T20:00:00,43.5259,-79.4658,50.8,0,38.4,23.5,237,0,14
860,1679272103,2023-03-19T20:00:00,44.8639,-73.8167,49.8,0,,5.2,266,25,16
861,1679272105,2023-03-19T20:00:00,45.4768,-73.7163,44.8,0,,5.9,236,33,
862,1679272105,2023-03-19T20:00:00,43.5632,-79.2951,48.3,0,36,22.4,224,41,
863,1679272102,2023-03-19T19:00:00,45.4575,-90.9653,54.4,0,29.5,18.3,210,0,16
864,1679272104,2023-03-19T17:00:00,50.5715,-124.7275,50.1,0,,5.4,100,100,48
865,1679272103,2023-03-19T20:00:00,43.2852,-80.1308,63.9,0,37.1,12.7,236,20,
866,1679272105,2023-03-19T14:00:00,20.6847,-156.0825,62.2,0,,22.3,20,25,16
867,1679272100,2023-03-19T17:00:00,48.6472,-123.4213,48.1,0,,16.6,360,87,
868,1679272105,2023-03-19T17:00:00,59.4822,-133.5941,91.58,0,2.5,1.1,204.2,100,22.3
869,1679272104,2023-03-19T18:00:00,51.971,-109.2924,75.8,0,,10.4,125,25,24
870,1679272103,2023-03-19T17:00:00,49.1947,-123.1847,50.4,0,,2.4,124,90,
871,1679272101,2023-03-19T20:00:00,45.4778,-73.7175,44.8,0,,5.9,236,33,
872,1679272104,2023-03-19T14:00:00,21.3069,-157.9427,66.6,0,,13.2,155,77.2,16
873,1679272086,2023-03-19T20:00:00,43.7686,-75.3046,61.3,0,38.8,22.8,273,61.7,16
874,1679272027,2023-03-19T20:00:00,43.6796,-79.618,46.9,0,36.2,22.3,240,25,24
875,1679272101,2023-03-20T11:00:00,-33.9303,151.169,78.1,0.1,,35.2,150,88,9
876,1679272102,2023-03-19T20:00:00,43.9558,-78.2771,60.1,0,48,29.2,266,5.1,15
877,1679272087,2023-03-19T20:00:00,43.6897,-79.634,47,0,36.2,22.3,240,25,24
878,1679272103,2023-03-19T18:00:00,52.9538,-114.1,41.2,0,,9.4,105,46,
879,1679272105,2023-03-19T20:00:00,45.4606,-73.7571,45.3,0,,7.4,248,30,
880,1679272100,2023-03-19T20:00:00,43.6758,-79.6068,46.9,0,36.2,22.3,240,25,24
881,1679272104,2023-03-19T20:00:00,45.321,-75.6688,45.4,0,,7.6,230,88,24
882,1679272104,2023-03-19T17:00:00,49.1942,-123.1831,50.4,0,,2.4,124,90,
883,1679272080,2023-03-19T20:00:00,45.4592,-73.7504,45.2,0,,7.2,247,30,
884,1679272098,2023-03-19T20:00:00,43.6748,-79.6119,46.9,0,36.2,22.3,240,25,24
885,1679272101,2023-03-19T20:00:00,45.4564,-73.7557,45.3,0,,7.4,248,30,
886,1679272082,2023-03-19T20:00:00,43.6788,-79.6098,46.9,0,36.2,22.3,240,25,24
887,1679272104,2023-03-19T18:00:00,53.3058,-113.5861,55,0,,8,147,25,32
